{
    "bfsdc": {
        "count": 1200,
        "search_time": 582.2338659999997,
        "solvable_count": 1109,
        "solvable_search_time": 149.146122,
        "max_solvable_search_time": 15.339749,
        "solvable_pruned_by_visited": 28099,
        "solvable_pruned": 28099,
        "solvable_pruned_by_unknown": 0,
        "solvable_goal_checked": 128431,
        "solvable_expanded": 30571,
        "solvable_generated": 127322,
        "unsolvable_count": 91,
        "unsolvable_search_time": 433.087744,
        "max_unsolvable_search_time": 138.445817,
        "unsolvable_pruned_by_visited": 293177,
        "unsolvable_pruned": 293177,
        "unsolvable_pruned_by_unknown": 0,
        "unsolvable_goal_checked": 383547,
        "unsolvable_expanded": 90370,
        "unsolvable_generated": 383456,
        "timeout_count": 0
    },
    "greedy": {
        "count": 1200,
        "search_time": 502.9970600000004,
        "solvable_count": 1109,
        "solvable_search_time": 73.70588600000009,
        "max_solvable_search_time": 8.419985,
        "solvable_pruned_by_visited": 12169,
        "solvable_pruned": 12169,
        "solvable_pruned_by_unknown": 0,
        "solvable_goal_checked": 61419,
        "solvable_expanded": 15304,
        "solvable_generated": 60310,
        "unsolvable_count": 91,
        "unsolvable_search_time": 429.29117399999996,
        "max_unsolvable_search_time": 137.800296,
        "unsolvable_pruned_by_visited": 293177,
        "unsolvable_pruned": 293177,
        "unsolvable_pruned_by_unknown": 0,
        "unsolvable_goal_checked": 383547,
        "unsolvable_expanded": 90370,
        "unsolvable_generated": 383456,
        "timeout_count": 0
    },
    "bfsdcu": {
        "count": 1200,
        "search_time": 582.5854249999994,
        "solvable_count": 1109,
        "solvable_search_time": 149.90278599999994,
        "max_solvable_search_time": 15.320846,
        "solvable_pruned_by_visited": 28099,
        "solvable_pruned": 28099,
        "solvable_pruned_by_unknown": 0,
        "solvable_goal_checked": 128431,
        "solvable_expanded": 30571,
        "solvable_generated": 127322,
        "unsolvable_count": 91,
        "unsolvable_search_time": 432.682639,
        "max_unsolvable_search_time": 137.608089,
        "unsolvable_pruned_by_visited": 293177,
        "unsolvable_pruned": 293177,
        "unsolvable_pruned_by_unknown": 0,
        "unsolvable_goal_checked": 383547,
        "unsolvable_expanded": 90370,
        "unsolvable_generated": 383456,
        "timeout_count": 0
    },
    "bfs": {
        "count": 0,
        "search_time": 0,
        "solvable_count": 0,
        "solvable_search_time": 0,
        "max_solvable_search_time": 0,
        "solvable_pruned_by_visited": 0,
        "solvable_pruned": 0,
        "solvable_pruned_by_unknown": 0,
        "solvable_goal_checked": 0,
        "solvable_expanded": 0,
        "solvable_generated": 0,
        "unsolvable_count": 0,
        "unsolvable_search_time": 0,
        "max_unsolvable_search_time": 0,
        "unsolvable_pruned_by_visited": 0,
        "unsolvable_pruned": 0,
        "unsolvable_pruned_by_unknown": 0,
        "unsolvable_goal_checked": 0,
        "unsolvable_expanded": 0,
        "unsolvable_generated": 0,
        "timeout_count": 0
    }
}