{
    "bfsdc": {
        "count": 4450,
        "search_time": 16285.382478999989,
        "solvable_count": 3884,
        "solvable_search_time": 709.4097990000006,
        "max_solvable_search_time": 73.710958,
        "max_solvable_domain_name": "grapevine",
        "max_solvable_problem_name": "grapevine3_ttt_00054",
        "solvable_pruned_by_visited": 139606,
        "solvable_pruned": 139606,
        "solvable_pruned_by_unknown": 0,
        "solvable_goal_checked": 523950,
        "solvable_expanded": 105034,
        "solvable_generated": 520066,
        "unsolvable_count": 565,
        "unsolvable_search_time": 14575.642690000006,
        "max_unsolvable_search_time": 980.207265,
        "max_unsolvable_domain_name": "grapevine",
        "max_unsolvable_problem_name": "grapevine3_ttt_00029",
        "unsolvable_pruned_by_visited": 6521294,
        "unsolvable_pruned": 6521294,
        "unsolvable_pruned_by_unknown": 0,
        "unsolvable_goal_checked": 8475627,
        "unsolvable_expanded": 1954333,
        "unsolvable_generated": 8475062,
        "timeout_count": 1
    },
    "greedy": {
        "count": 4450,
        "search_time": 15287.069496000015,
        "solvable_count": 3884,
        "solvable_search_time": 376.4767520000011,
        "max_solvable_search_time": 60.955244,
        "max_solvable_domain_name": "bbl",
        "max_solvable_problem_name": "bbl3_ttt_00105",
        "solvable_pruned_by_visited": 111271,
        "solvable_pruned": 111341,
        "solvable_pruned_by_unknown": 70,
        "solvable_goal_checked": 292204,
        "solvable_expanded": 72433,
        "solvable_generated": 288250,
        "unsolvable_count": 565,
        "unsolvable_search_time": 13910.46649500001,
        "max_unsolvable_search_time": 995.510919,
        "max_unsolvable_domain_name": "grapevine",
        "max_unsolvable_problem_name": "grapevine3_ttt_00029",
        "unsolvable_pruned_by_visited": 6311247,
        "unsolvable_pruned": 6315198,
        "unsolvable_pruned_by_unknown": 3951,
        "unsolvable_goal_checked": 8248399,
        "unsolvable_expanded": 1933201,
        "unsolvable_generated": 8243883,
        "timeout_count": 1
    },
    "bfsdcu": {
        "count": 4450,
        "search_time": 15439.418336000013,
        "solvable_count": 3884,
        "solvable_search_time": 709.7234529999968,
        "max_solvable_search_time": 79.287995,
        "max_solvable_domain_name": "grapevine",
        "max_solvable_problem_name": "grapevine3_ttt_00054",
        "solvable_pruned_by_visited": 139550,
        "solvable_pruned": 139877,
        "solvable_pruned_by_unknown": 327,
        "solvable_goal_checked": 523130,
        "solvable_expanded": 104967,
        "solvable_generated": 518919,
        "unsolvable_count": 565,
        "unsolvable_search_time": 13729.352918000013,
        "max_unsolvable_search_time": 976.268081,
        "max_unsolvable_domain_name": "grapevine",
        "max_unsolvable_problem_name": "grapevine3_ttt_00029",
        "unsolvable_pruned_by_visited": 6311247,
        "unsolvable_pruned": 6315198,
        "unsolvable_pruned_by_unknown": 3951,
        "unsolvable_goal_checked": 8248399,
        "unsolvable_expanded": 1933201,
        "unsolvable_generated": 8243883,
        "timeout_count": 1
    },
    "bfs": {
        "count": 0,
        "search_time": 0,
        "solvable_count": 0,
        "solvable_search_time": 0,
        "max_solvable_search_time": 0,
        "max_solvable_domain_name": "",
        "max_solvable_problem_name": "",
        "solvable_pruned_by_visited": 0,
        "solvable_pruned": 0,
        "solvable_pruned_by_unknown": 0,
        "solvable_goal_checked": 0,
        "solvable_expanded": 0,
        "solvable_generated": 0,
        "unsolvable_count": 0,
        "unsolvable_search_time": 0,
        "max_unsolvable_search_time": 0,
        "max_unsolvable_domain_name": "",
        "max_unsolvable_problem_name": "",
        "unsolvable_pruned_by_visited": 0,
        "unsolvable_pruned": 0,
        "unsolvable_pruned_by_unknown": 0,
        "unsolvable_goal_checked": 0,
        "unsolvable_expanded": 0,
        "unsolvable_generated": 0,
        "timeout_count": 0
    }
}