{
    "bfsdc": {
        "count": 1200,
        "search_time": 9724.934379000013,
        "solvable_count": 995,
        "solvable_search_time": 633.668565,
        "max_solvable_search_time": 82.08443,
        "solvable_pruned_by_visited": 120080,
        "solvable_pruned": 120080,
        "solvable_pruned_by_unknown": 0,
        "solvable_goal_checked": 422411,
        "solvable_expanded": 75900,
        "solvable_generated": 421416,
        "unsolvable_count": 179,
        "unsolvable_search_time": 1289.8708280000003,
        "max_unsolvable_search_time": 246.222849,
        "unsolvable_pruned_by_visited": 685158,
        "unsolvable_pruned": 685158,
        "unsolvable_pruned_by_unknown": 0,
        "unsolvable_goal_checked": 895506,
        "unsolvable_expanded": 210348,
        "unsolvable_generated": 895327,
        "timeout_count": 26
    },
    "greedy": {
        "count": 1200,
        "search_time": 10051.284992999997,
        "solvable_count": 993,
        "solvable_search_time": 326.54490900000013,
        "max_solvable_search_time": 59.117211,
        "solvable_pruned_by_visited": 102032,
        "solvable_pruned": 102032,
        "solvable_pruned_by_unknown": 0,
        "solvable_goal_checked": 232402,
        "solvable_expanded": 55886,
        "solvable_generated": 231409,
        "unsolvable_count": 179,
        "unsolvable_search_time": 1322.8968940000007,
        "max_unsolvable_search_time": 249.702309,
        "unsolvable_pruned_by_visited": 685158,
        "unsolvable_pruned": 685158,
        "unsolvable_pruned_by_unknown": 0,
        "unsolvable_goal_checked": 895506,
        "unsolvable_expanded": 210348,
        "unsolvable_generated": 895327,
        "timeout_count": 28
    },
    "bfsdcu": {
        "count": 1200,
        "search_time": 9742.48457499999,
        "solvable_count": 995,
        "solvable_search_time": 634.2586179999995,
        "max_solvable_search_time": 84.270001,
        "solvable_pruned_by_visited": 120080,
        "solvable_pruned": 120080,
        "solvable_pruned_by_unknown": 0,
        "solvable_goal_checked": 422411,
        "solvable_expanded": 75900,
        "solvable_generated": 421416,
        "unsolvable_count": 179,
        "unsolvable_search_time": 1306.0544250000007,
        "max_unsolvable_search_time": 248.700326,
        "unsolvable_pruned_by_visited": 685158,
        "unsolvable_pruned": 685158,
        "unsolvable_pruned_by_unknown": 0,
        "unsolvable_goal_checked": 895506,
        "unsolvable_expanded": 210348,
        "unsolvable_generated": 895327,
        "timeout_count": 26
    },
    "bfs": {
        "count": 0,
        "search_time": 0,
        "solvable_count": 0,
        "solvable_search_time": 0,
        "max_solvable_search_time": 0,
        "solvable_pruned_by_visited": 0,
        "solvable_pruned": 0,
        "solvable_pruned_by_unknown": 0,
        "solvable_goal_checked": 0,
        "solvable_expanded": 0,
        "solvable_generated": 0,
        "unsolvable_count": 0,
        "unsolvable_search_time": 0,
        "max_unsolvable_search_time": 0,
        "unsolvable_pruned_by_visited": 0,
        "unsolvable_pruned": 0,
        "unsolvable_pruned_by_unknown": 0,
        "unsolvable_goal_checked": 0,
        "unsolvable_expanded": 0,
        "unsolvable_generated": 0,
        "timeout_count": 0
    }
}