{
    "bfsdc": {
        "count": 4503,
        "search_time": 16085.682073999997,
        "solvable_count": 2250,
        "solvable_search_time": 31.776828999999964,
        "max_solvable_search_time": 0.843934,
        "solvable_pruned_by_visited": 5056,
        "solvable_pruned": 5056,
        "solvable_pruned_by_unknown": 0,
        "solvable_goal_checked": 33967,
        "solvable_expanded": 8788,
        "solvable_generated": 31717,
        "unsolvable_count": 2253,
        "unsolvable_search_time": 16053.905244999998,
        "max_unsolvable_search_time": 114.81105,
        "unsolvable_pruned_by_visited": 10789759,
        "unsolvable_pruned": 10789759,
        "unsolvable_pruned_by_unknown": 0,
        "unsolvable_goal_checked": 13718919,
        "unsolvable_expanded": 2929160,
        "unsolvable_generated": 13716666,
        "timeout_count": 0
    },
    "greedy": {
        "count": 4503,
        "search_time": 15885.224215999995,
        "solvable_count": 2250,
        "solvable_search_time": 15.865118000000045,
        "max_solvable_search_time": 0.445326,
        "solvable_pruned_by_visited": 1219,
        "solvable_pruned": 1219,
        "solvable_pruned_by_unknown": 0,
        "solvable_goal_checked": 16973,
        "solvable_expanded": 4448,
        "solvable_generated": 14723,
        "unsolvable_count": 2253,
        "unsolvable_search_time": 15869.359097999992,
        "max_unsolvable_search_time": 112.32417,
        "unsolvable_pruned_by_visited": 10789759,
        "unsolvable_pruned": 10789759,
        "unsolvable_pruned_by_unknown": 0,
        "unsolvable_goal_checked": 13718919,
        "unsolvable_expanded": 2929160,
        "unsolvable_generated": 13716666,
        "timeout_count": 0
    },
    "bfsdcu": {
        "count": 4503,
        "search_time": 16053.791075999994,
        "solvable_count": 2250,
        "solvable_search_time": 32.25828899999998,
        "max_solvable_search_time": 0.772378,
        "solvable_pruned_by_visited": 5056,
        "solvable_pruned": 5056,
        "solvable_pruned_by_unknown": 0,
        "solvable_goal_checked": 33967,
        "solvable_expanded": 8788,
        "solvable_generated": 31717,
        "unsolvable_count": 2253,
        "unsolvable_search_time": 16021.532786999996,
        "max_unsolvable_search_time": 113.554705,
        "unsolvable_pruned_by_visited": 10789759,
        "unsolvable_pruned": 10789759,
        "unsolvable_pruned_by_unknown": 0,
        "unsolvable_goal_checked": 13718919,
        "unsolvable_expanded": 2929160,
        "unsolvable_generated": 13716666,
        "timeout_count": 0
    },
    "bfs": {
        "count": 2250,
        "search_time": 59.198059000000086,
        "solvable_count": 2250,
        "solvable_search_time": 59.198059000000086,
        "max_solvable_search_time": 2.159473,
        "solvable_pruned_by_visited": 0,
        "solvable_pruned": 0,
        "solvable_pruned_by_unknown": 0,
        "solvable_goal_checked": 95309,
        "solvable_expanded": 24524,
        "solvable_generated": 93059,
        "unsolvable_count": 0,
        "unsolvable_search_time": 0,
        "max_unsolvable_search_time": 0,
        "unsolvable_pruned_by_visited": 0,
        "unsolvable_pruned": 0,
        "unsolvable_pruned_by_unknown": 0,
        "unsolvable_goal_checked": 0,
        "unsolvable_expanded": 0,
        "unsolvable_generated": 0,
        "timeout_count": 0
    }
}