{
    "1": {
        "0": "(= (@ep (\"+ b [a] \") (= (v p) 't')) ep.true)",
        "1": "(= (@ep (\"$ b [a] \") (= (v p) 't')) ep.true)",
        "2": "(= (@ep (\"! b [a] \") (= (v p) 't')) ep.true)",
        "3": "(= (@ep (\"+ b [b] \") (= (v p) 't')) ep.true)",
        "4": "(= (@ep (\"$ b [b] \") (= (v p) 't')) ep.true)",
        "5": "(= (@ep (\"! b [b] \") (= (v p) 't')) ep.true)"
    },
    "2": {
        "6": "(= (@ep (\"+ b [a] + b [b] \") (= (v p) 't')) ep.true)",
        "7": "(= (@ep (\"+ b [a] $ b [b] \") (= (v p) 't')) ep.true)",
        "8": "(= (@ep (\"+ b [a] ! b [b] \") (= (v p) 't')) ep.true)",
        "9": "(= (@ep (\"$ b [a] + b [b] \") (= (v p) 't')) ep.true)",
        "10": "(= (@ep (\"$ b [a] $ b [b] \") (= (v p) 't')) ep.true)",
        "11": "(= (@ep (\"$ b [a] ! b [b] \") (= (v p) 't')) ep.true)",
        "12": "(= (@ep (\"! b [a] + b [b] \") (= (v p) 't')) ep.true)",
        "13": "(= (@ep (\"! b [a] $ b [b] \") (= (v p) 't')) ep.true)",
        "14": "(= (@ep (\"! b [a] ! b [b] \") (= (v p) 't')) ep.true)",
        "15": "(= (@ep (\"+ b [b] + b [a] \") (= (v p) 't')) ep.true)",
        "16": "(= (@ep (\"+ b [b] $ b [a] \") (= (v p) 't')) ep.true)",
        "17": "(= (@ep (\"+ b [b] ! b [a] \") (= (v p) 't')) ep.true)",
        "18": "(= (@ep (\"$ b [b] + b [a] \") (= (v p) 't')) ep.true)",
        "19": "(= (@ep (\"$ b [b] $ b [a] \") (= (v p) 't')) ep.true)",
        "20": "(= (@ep (\"$ b [b] ! b [a] \") (= (v p) 't')) ep.true)",
        "21": "(= (@ep (\"! b [b] + b [a] \") (= (v p) 't')) ep.true)",
        "22": "(= (@ep (\"! b [b] $ b [a] \") (= (v p) 't')) ep.true)",
        "23": "(= (@ep (\"! b [b] ! b [a] \") (= (v p) 't')) ep.true)"
    },
    "3": {
        "24": "(= (@ep (\"+ b [a] + b [b] + b [a] \") (= (v p) 't')) ep.true)",
        "25": "(= (@ep (\"+ b [a] + b [b] $ b [a] \") (= (v p) 't')) ep.true)",
        "26": "(= (@ep (\"+ b [a] + b [b] ! b [a] \") (= (v p) 't')) ep.true)",
        "27": "(= (@ep (\"+ b [a] $ b [b] + b [a] \") (= (v p) 't')) ep.true)",
        "28": "(= (@ep (\"+ b [a] $ b [b] $ b [a] \") (= (v p) 't')) ep.true)",
        "29": "(= (@ep (\"+ b [a] $ b [b] ! b [a] \") (= (v p) 't')) ep.true)",
        "30": "(= (@ep (\"+ b [a] ! b [b] + b [a] \") (= (v p) 't')) ep.true)",
        "31": "(= (@ep (\"+ b [a] ! b [b] $ b [a] \") (= (v p) 't')) ep.true)",
        "32": "(= (@ep (\"+ b [a] ! b [b] ! b [a] \") (= (v p) 't')) ep.true)",
        "33": "(= (@ep (\"$ b [a] + b [b] + b [a] \") (= (v p) 't')) ep.true)",
        "34": "(= (@ep (\"$ b [a] + b [b] $ b [a] \") (= (v p) 't')) ep.true)",
        "35": "(= (@ep (\"$ b [a] + b [b] ! b [a] \") (= (v p) 't')) ep.true)",
        "36": "(= (@ep (\"$ b [a] $ b [b] + b [a] \") (= (v p) 't')) ep.true)",
        "37": "(= (@ep (\"$ b [a] $ b [b] $ b [a] \") (= (v p) 't')) ep.true)",
        "38": "(= (@ep (\"$ b [a] $ b [b] ! b [a] \") (= (v p) 't')) ep.true)",
        "39": "(= (@ep (\"$ b [a] ! b [b] + b [a] \") (= (v p) 't')) ep.true)",
        "40": "(= (@ep (\"$ b [a] ! b [b] $ b [a] \") (= (v p) 't')) ep.true)",
        "41": "(= (@ep (\"$ b [a] ! b [b] ! b [a] \") (= (v p) 't')) ep.true)",
        "42": "(= (@ep (\"! b [a] + b [b] + b [a] \") (= (v p) 't')) ep.true)",
        "43": "(= (@ep (\"! b [a] + b [b] $ b [a] \") (= (v p) 't')) ep.true)",
        "44": "(= (@ep (\"! b [a] + b [b] ! b [a] \") (= (v p) 't')) ep.true)",
        "45": "(= (@ep (\"! b [a] $ b [b] + b [a] \") (= (v p) 't')) ep.true)",
        "46": "(= (@ep (\"! b [a] $ b [b] $ b [a] \") (= (v p) 't')) ep.true)",
        "47": "(= (@ep (\"! b [a] $ b [b] ! b [a] \") (= (v p) 't')) ep.true)",
        "48": "(= (@ep (\"! b [a] ! b [b] + b [a] \") (= (v p) 't')) ep.true)",
        "49": "(= (@ep (\"! b [a] ! b [b] $ b [a] \") (= (v p) 't')) ep.true)",
        "50": "(= (@ep (\"! b [a] ! b [b] ! b [a] \") (= (v p) 't')) ep.true)",
        "51": "(= (@ep (\"+ b [b] + b [a] + b [b] \") (= (v p) 't')) ep.true)",
        "52": "(= (@ep (\"+ b [b] + b [a] $ b [b] \") (= (v p) 't')) ep.true)",
        "53": "(= (@ep (\"+ b [b] + b [a] ! b [b] \") (= (v p) 't')) ep.true)",
        "54": "(= (@ep (\"+ b [b] $ b [a] + b [b] \") (= (v p) 't')) ep.true)",
        "55": "(= (@ep (\"+ b [b] $ b [a] $ b [b] \") (= (v p) 't')) ep.true)",
        "56": "(= (@ep (\"+ b [b] $ b [a] ! b [b] \") (= (v p) 't')) ep.true)",
        "57": "(= (@ep (\"+ b [b] ! b [a] + b [b] \") (= (v p) 't')) ep.true)",
        "58": "(= (@ep (\"+ b [b] ! b [a] $ b [b] \") (= (v p) 't')) ep.true)",
        "59": "(= (@ep (\"+ b [b] ! b [a] ! b [b] \") (= (v p) 't')) ep.true)",
        "60": "(= (@ep (\"$ b [b] + b [a] + b [b] \") (= (v p) 't')) ep.true)",
        "61": "(= (@ep (\"$ b [b] + b [a] $ b [b] \") (= (v p) 't')) ep.true)",
        "62": "(= (@ep (\"$ b [b] + b [a] ! b [b] \") (= (v p) 't')) ep.true)",
        "63": "(= (@ep (\"$ b [b] $ b [a] + b [b] \") (= (v p) 't')) ep.true)",
        "64": "(= (@ep (\"$ b [b] $ b [a] $ b [b] \") (= (v p) 't')) ep.true)",
        "65": "(= (@ep (\"$ b [b] $ b [a] ! b [b] \") (= (v p) 't')) ep.true)",
        "66": "(= (@ep (\"$ b [b] ! b [a] + b [b] \") (= (v p) 't')) ep.true)",
        "67": "(= (@ep (\"$ b [b] ! b [a] $ b [b] \") (= (v p) 't')) ep.true)",
        "68": "(= (@ep (\"$ b [b] ! b [a] ! b [b] \") (= (v p) 't')) ep.true)",
        "69": "(= (@ep (\"! b [b] + b [a] + b [b] \") (= (v p) 't')) ep.true)",
        "70": "(= (@ep (\"! b [b] + b [a] $ b [b] \") (= (v p) 't')) ep.true)",
        "71": "(= (@ep (\"! b [b] + b [a] ! b [b] \") (= (v p) 't')) ep.true)",
        "72": "(= (@ep (\"! b [b] $ b [a] + b [b] \") (= (v p) 't')) ep.true)",
        "73": "(= (@ep (\"! b [b] $ b [a] $ b [b] \") (= (v p) 't')) ep.true)",
        "74": "(= (@ep (\"! b [b] $ b [a] ! b [b] \") (= (v p) 't')) ep.true)",
        "75": "(= (@ep (\"! b [b] ! b [a] + b [b] \") (= (v p) 't')) ep.true)",
        "76": "(= (@ep (\"! b [b] ! b [a] $ b [b] \") (= (v p) 't')) ep.true)",
        "77": "(= (@ep (\"! b [b] ! b [a] ! b [b] \") (= (v p) 't')) ep.true)"
    },
    "4": {
        "78": "(= (@ep (\"+ b [a] + b [b] + b [a] + b [b] \") (= (v p) 't')) ep.true)",
        "79": "(= (@ep (\"+ b [a] + b [b] + b [a] $ b [b] \") (= (v p) 't')) ep.true)",
        "80": "(= (@ep (\"+ b [a] + b [b] + b [a] ! b [b] \") (= (v p) 't')) ep.true)",
        "81": "(= (@ep (\"+ b [a] + b [b] $ b [a] + b [b] \") (= (v p) 't')) ep.true)",
        "82": "(= (@ep (\"+ b [a] + b [b] $ b [a] $ b [b] \") (= (v p) 't')) ep.true)",
        "83": "(= (@ep (\"+ b [a] + b [b] $ b [a] ! b [b] \") (= (v p) 't')) ep.true)",
        "84": "(= (@ep (\"+ b [a] + b [b] ! b [a] + b [b] \") (= (v p) 't')) ep.true)",
        "85": "(= (@ep (\"+ b [a] + b [b] ! b [a] $ b [b] \") (= (v p) 't')) ep.true)",
        "86": "(= (@ep (\"+ b [a] + b [b] ! b [a] ! b [b] \") (= (v p) 't')) ep.true)",
        "87": "(= (@ep (\"+ b [a] $ b [b] + b [a] + b [b] \") (= (v p) 't')) ep.true)",
        "88": "(= (@ep (\"+ b [a] $ b [b] + b [a] $ b [b] \") (= (v p) 't')) ep.true)",
        "89": "(= (@ep (\"+ b [a] $ b [b] + b [a] ! b [b] \") (= (v p) 't')) ep.true)",
        "90": "(= (@ep (\"+ b [a] $ b [b] $ b [a] + b [b] \") (= (v p) 't')) ep.true)",
        "91": "(= (@ep (\"+ b [a] $ b [b] $ b [a] $ b [b] \") (= (v p) 't')) ep.true)",
        "92": "(= (@ep (\"+ b [a] $ b [b] $ b [a] ! b [b] \") (= (v p) 't')) ep.true)",
        "93": "(= (@ep (\"+ b [a] $ b [b] ! b [a] + b [b] \") (= (v p) 't')) ep.true)",
        "94": "(= (@ep (\"+ b [a] $ b [b] ! b [a] $ b [b] \") (= (v p) 't')) ep.true)",
        "95": "(= (@ep (\"+ b [a] $ b [b] ! b [a] ! b [b] \") (= (v p) 't')) ep.true)",
        "96": "(= (@ep (\"+ b [a] ! b [b] + b [a] + b [b] \") (= (v p) 't')) ep.true)",
        "97": "(= (@ep (\"+ b [a] ! b [b] + b [a] $ b [b] \") (= (v p) 't')) ep.true)",
        "98": "(= (@ep (\"+ b [a] ! b [b] + b [a] ! b [b] \") (= (v p) 't')) ep.true)",
        "99": "(= (@ep (\"+ b [a] ! b [b] $ b [a] + b [b] \") (= (v p) 't')) ep.true)",
        "100": "(= (@ep (\"+ b [a] ! b [b] $ b [a] $ b [b] \") (= (v p) 't')) ep.true)",
        "101": "(= (@ep (\"+ b [a] ! b [b] $ b [a] ! b [b] \") (= (v p) 't')) ep.true)",
        "102": "(= (@ep (\"+ b [a] ! b [b] ! b [a] + b [b] \") (= (v p) 't')) ep.true)",
        "103": "(= (@ep (\"+ b [a] ! b [b] ! b [a] $ b [b] \") (= (v p) 't')) ep.true)",
        "104": "(= (@ep (\"+ b [a] ! b [b] ! b [a] ! b [b] \") (= (v p) 't')) ep.true)",
        "105": "(= (@ep (\"$ b [a] + b [b] + b [a] + b [b] \") (= (v p) 't')) ep.true)",
        "106": "(= (@ep (\"$ b [a] + b [b] + b [a] $ b [b] \") (= (v p) 't')) ep.true)",
        "107": "(= (@ep (\"$ b [a] + b [b] + b [a] ! b [b] \") (= (v p) 't')) ep.true)",
        "108": "(= (@ep (\"$ b [a] + b [b] $ b [a] + b [b] \") (= (v p) 't')) ep.true)",
        "109": "(= (@ep (\"$ b [a] + b [b] $ b [a] $ b [b] \") (= (v p) 't')) ep.true)",
        "110": "(= (@ep (\"$ b [a] + b [b] $ b [a] ! b [b] \") (= (v p) 't')) ep.true)",
        "111": "(= (@ep (\"$ b [a] + b [b] ! b [a] + b [b] \") (= (v p) 't')) ep.true)",
        "112": "(= (@ep (\"$ b [a] + b [b] ! b [a] $ b [b] \") (= (v p) 't')) ep.true)",
        "113": "(= (@ep (\"$ b [a] + b [b] ! b [a] ! b [b] \") (= (v p) 't')) ep.true)",
        "114": "(= (@ep (\"$ b [a] $ b [b] + b [a] + b [b] \") (= (v p) 't')) ep.true)",
        "115": "(= (@ep (\"$ b [a] $ b [b] + b [a] $ b [b] \") (= (v p) 't')) ep.true)",
        "116": "(= (@ep (\"$ b [a] $ b [b] + b [a] ! b [b] \") (= (v p) 't')) ep.true)",
        "117": "(= (@ep (\"$ b [a] $ b [b] $ b [a] + b [b] \") (= (v p) 't')) ep.true)",
        "118": "(= (@ep (\"$ b [a] $ b [b] $ b [a] $ b [b] \") (= (v p) 't')) ep.true)",
        "119": "(= (@ep (\"$ b [a] $ b [b] $ b [a] ! b [b] \") (= (v p) 't')) ep.true)",
        "120": "(= (@ep (\"$ b [a] $ b [b] ! b [a] + b [b] \") (= (v p) 't')) ep.true)",
        "121": "(= (@ep (\"$ b [a] $ b [b] ! b [a] $ b [b] \") (= (v p) 't')) ep.true)",
        "122": "(= (@ep (\"$ b [a] $ b [b] ! b [a] ! b [b] \") (= (v p) 't')) ep.true)",
        "123": "(= (@ep (\"$ b [a] ! b [b] + b [a] + b [b] \") (= (v p) 't')) ep.true)",
        "124": "(= (@ep (\"$ b [a] ! b [b] + b [a] $ b [b] \") (= (v p) 't')) ep.true)",
        "125": "(= (@ep (\"$ b [a] ! b [b] + b [a] ! b [b] \") (= (v p) 't')) ep.true)",
        "126": "(= (@ep (\"$ b [a] ! b [b] $ b [a] + b [b] \") (= (v p) 't')) ep.true)",
        "127": "(= (@ep (\"$ b [a] ! b [b] $ b [a] $ b [b] \") (= (v p) 't')) ep.true)",
        "128": "(= (@ep (\"$ b [a] ! b [b] $ b [a] ! b [b] \") (= (v p) 't')) ep.true)",
        "129": "(= (@ep (\"$ b [a] ! b [b] ! b [a] + b [b] \") (= (v p) 't')) ep.true)",
        "130": "(= (@ep (\"$ b [a] ! b [b] ! b [a] $ b [b] \") (= (v p) 't')) ep.true)",
        "131": "(= (@ep (\"$ b [a] ! b [b] ! b [a] ! b [b] \") (= (v p) 't')) ep.true)",
        "132": "(= (@ep (\"! b [a] + b [b] + b [a] + b [b] \") (= (v p) 't')) ep.true)",
        "133": "(= (@ep (\"! b [a] + b [b] + b [a] $ b [b] \") (= (v p) 't')) ep.true)",
        "134": "(= (@ep (\"! b [a] + b [b] + b [a] ! b [b] \") (= (v p) 't')) ep.true)",
        "135": "(= (@ep (\"! b [a] + b [b] $ b [a] + b [b] \") (= (v p) 't')) ep.true)",
        "136": "(= (@ep (\"! b [a] + b [b] $ b [a] $ b [b] \") (= (v p) 't')) ep.true)",
        "137": "(= (@ep (\"! b [a] + b [b] $ b [a] ! b [b] \") (= (v p) 't')) ep.true)",
        "138": "(= (@ep (\"! b [a] + b [b] ! b [a] + b [b] \") (= (v p) 't')) ep.true)",
        "139": "(= (@ep (\"! b [a] + b [b] ! b [a] $ b [b] \") (= (v p) 't')) ep.true)",
        "140": "(= (@ep (\"! b [a] + b [b] ! b [a] ! b [b] \") (= (v p) 't')) ep.true)",
        "141": "(= (@ep (\"! b [a] $ b [b] + b [a] + b [b] \") (= (v p) 't')) ep.true)",
        "142": "(= (@ep (\"! b [a] $ b [b] + b [a] $ b [b] \") (= (v p) 't')) ep.true)",
        "143": "(= (@ep (\"! b [a] $ b [b] + b [a] ! b [b] \") (= (v p) 't')) ep.true)",
        "144": "(= (@ep (\"! b [a] $ b [b] $ b [a] + b [b] \") (= (v p) 't')) ep.true)",
        "145": "(= (@ep (\"! b [a] $ b [b] $ b [a] $ b [b] \") (= (v p) 't')) ep.true)",
        "146": "(= (@ep (\"! b [a] $ b [b] $ b [a] ! b [b] \") (= (v p) 't')) ep.true)",
        "147": "(= (@ep (\"! b [a] $ b [b] ! b [a] + b [b] \") (= (v p) 't')) ep.true)",
        "148": "(= (@ep (\"! b [a] $ b [b] ! b [a] $ b [b] \") (= (v p) 't')) ep.true)",
        "149": "(= (@ep (\"! b [a] $ b [b] ! b [a] ! b [b] \") (= (v p) 't')) ep.true)",
        "150": "(= (@ep (\"! b [a] ! b [b] + b [a] + b [b] \") (= (v p) 't')) ep.true)",
        "151": "(= (@ep (\"! b [a] ! b [b] + b [a] $ b [b] \") (= (v p) 't')) ep.true)",
        "152": "(= (@ep (\"! b [a] ! b [b] + b [a] ! b [b] \") (= (v p) 't')) ep.true)",
        "153": "(= (@ep (\"! b [a] ! b [b] $ b [a] + b [b] \") (= (v p) 't')) ep.true)",
        "154": "(= (@ep (\"! b [a] ! b [b] $ b [a] $ b [b] \") (= (v p) 't')) ep.true)",
        "155": "(= (@ep (\"! b [a] ! b [b] $ b [a] ! b [b] \") (= (v p) 't')) ep.true)",
        "156": "(= (@ep (\"! b [a] ! b [b] ! b [a] + b [b] \") (= (v p) 't')) ep.true)",
        "157": "(= (@ep (\"! b [a] ! b [b] ! b [a] $ b [b] \") (= (v p) 't')) ep.true)",
        "158": "(= (@ep (\"! b [a] ! b [b] ! b [a] ! b [b] \") (= (v p) 't')) ep.true)",
        "159": "(= (@ep (\"+ b [b] + b [a] + b [b] + b [a] \") (= (v p) 't')) ep.true)",
        "160": "(= (@ep (\"+ b [b] + b [a] + b [b] $ b [a] \") (= (v p) 't')) ep.true)",
        "161": "(= (@ep (\"+ b [b] + b [a] + b [b] ! b [a] \") (= (v p) 't')) ep.true)",
        "162": "(= (@ep (\"+ b [b] + b [a] $ b [b] + b [a] \") (= (v p) 't')) ep.true)",
        "163": "(= (@ep (\"+ b [b] + b [a] $ b [b] $ b [a] \") (= (v p) 't')) ep.true)",
        "164": "(= (@ep (\"+ b [b] + b [a] $ b [b] ! b [a] \") (= (v p) 't')) ep.true)",
        "165": "(= (@ep (\"+ b [b] + b [a] ! b [b] + b [a] \") (= (v p) 't')) ep.true)",
        "166": "(= (@ep (\"+ b [b] + b [a] ! b [b] $ b [a] \") (= (v p) 't')) ep.true)",
        "167": "(= (@ep (\"+ b [b] + b [a] ! b [b] ! b [a] \") (= (v p) 't')) ep.true)",
        "168": "(= (@ep (\"+ b [b] $ b [a] + b [b] + b [a] \") (= (v p) 't')) ep.true)",
        "169": "(= (@ep (\"+ b [b] $ b [a] + b [b] $ b [a] \") (= (v p) 't')) ep.true)",
        "170": "(= (@ep (\"+ b [b] $ b [a] + b [b] ! b [a] \") (= (v p) 't')) ep.true)",
        "171": "(= (@ep (\"+ b [b] $ b [a] $ b [b] + b [a] \") (= (v p) 't')) ep.true)",
        "172": "(= (@ep (\"+ b [b] $ b [a] $ b [b] $ b [a] \") (= (v p) 't')) ep.true)",
        "173": "(= (@ep (\"+ b [b] $ b [a] $ b [b] ! b [a] \") (= (v p) 't')) ep.true)",
        "174": "(= (@ep (\"+ b [b] $ b [a] ! b [b] + b [a] \") (= (v p) 't')) ep.true)",
        "175": "(= (@ep (\"+ b [b] $ b [a] ! b [b] $ b [a] \") (= (v p) 't')) ep.true)",
        "176": "(= (@ep (\"+ b [b] $ b [a] ! b [b] ! b [a] \") (= (v p) 't')) ep.true)",
        "177": "(= (@ep (\"+ b [b] ! b [a] + b [b] + b [a] \") (= (v p) 't')) ep.true)",
        "178": "(= (@ep (\"+ b [b] ! b [a] + b [b] $ b [a] \") (= (v p) 't')) ep.true)",
        "179": "(= (@ep (\"+ b [b] ! b [a] + b [b] ! b [a] \") (= (v p) 't')) ep.true)",
        "180": "(= (@ep (\"+ b [b] ! b [a] $ b [b] + b [a] \") (= (v p) 't')) ep.true)",
        "181": "(= (@ep (\"+ b [b] ! b [a] $ b [b] $ b [a] \") (= (v p) 't')) ep.true)",
        "182": "(= (@ep (\"+ b [b] ! b [a] $ b [b] ! b [a] \") (= (v p) 't')) ep.true)",
        "183": "(= (@ep (\"+ b [b] ! b [a] ! b [b] + b [a] \") (= (v p) 't')) ep.true)",
        "184": "(= (@ep (\"+ b [b] ! b [a] ! b [b] $ b [a] \") (= (v p) 't')) ep.true)",
        "185": "(= (@ep (\"+ b [b] ! b [a] ! b [b] ! b [a] \") (= (v p) 't')) ep.true)",
        "186": "(= (@ep (\"$ b [b] + b [a] + b [b] + b [a] \") (= (v p) 't')) ep.true)",
        "187": "(= (@ep (\"$ b [b] + b [a] + b [b] $ b [a] \") (= (v p) 't')) ep.true)",
        "188": "(= (@ep (\"$ b [b] + b [a] + b [b] ! b [a] \") (= (v p) 't')) ep.true)",
        "189": "(= (@ep (\"$ b [b] + b [a] $ b [b] + b [a] \") (= (v p) 't')) ep.true)",
        "190": "(= (@ep (\"$ b [b] + b [a] $ b [b] $ b [a] \") (= (v p) 't')) ep.true)",
        "191": "(= (@ep (\"$ b [b] + b [a] $ b [b] ! b [a] \") (= (v p) 't')) ep.true)",
        "192": "(= (@ep (\"$ b [b] + b [a] ! b [b] + b [a] \") (= (v p) 't')) ep.true)",
        "193": "(= (@ep (\"$ b [b] + b [a] ! b [b] $ b [a] \") (= (v p) 't')) ep.true)",
        "194": "(= (@ep (\"$ b [b] + b [a] ! b [b] ! b [a] \") (= (v p) 't')) ep.true)",
        "195": "(= (@ep (\"$ b [b] $ b [a] + b [b] + b [a] \") (= (v p) 't')) ep.true)",
        "196": "(= (@ep (\"$ b [b] $ b [a] + b [b] $ b [a] \") (= (v p) 't')) ep.true)",
        "197": "(= (@ep (\"$ b [b] $ b [a] + b [b] ! b [a] \") (= (v p) 't')) ep.true)",
        "198": "(= (@ep (\"$ b [b] $ b [a] $ b [b] + b [a] \") (= (v p) 't')) ep.true)",
        "199": "(= (@ep (\"$ b [b] $ b [a] $ b [b] $ b [a] \") (= (v p) 't')) ep.true)",
        "200": "(= (@ep (\"$ b [b] $ b [a] $ b [b] ! b [a] \") (= (v p) 't')) ep.true)",
        "201": "(= (@ep (\"$ b [b] $ b [a] ! b [b] + b [a] \") (= (v p) 't')) ep.true)",
        "202": "(= (@ep (\"$ b [b] $ b [a] ! b [b] $ b [a] \") (= (v p) 't')) ep.true)",
        "203": "(= (@ep (\"$ b [b] $ b [a] ! b [b] ! b [a] \") (= (v p) 't')) ep.true)",
        "204": "(= (@ep (\"$ b [b] ! b [a] + b [b] + b [a] \") (= (v p) 't')) ep.true)",
        "205": "(= (@ep (\"$ b [b] ! b [a] + b [b] $ b [a] \") (= (v p) 't')) ep.true)",
        "206": "(= (@ep (\"$ b [b] ! b [a] + b [b] ! b [a] \") (= (v p) 't')) ep.true)",
        "207": "(= (@ep (\"$ b [b] ! b [a] $ b [b] + b [a] \") (= (v p) 't')) ep.true)",
        "208": "(= (@ep (\"$ b [b] ! b [a] $ b [b] $ b [a] \") (= (v p) 't')) ep.true)",
        "209": "(= (@ep (\"$ b [b] ! b [a] $ b [b] ! b [a] \") (= (v p) 't')) ep.true)",
        "210": "(= (@ep (\"$ b [b] ! b [a] ! b [b] + b [a] \") (= (v p) 't')) ep.true)",
        "211": "(= (@ep (\"$ b [b] ! b [a] ! b [b] $ b [a] \") (= (v p) 't')) ep.true)",
        "212": "(= (@ep (\"$ b [b] ! b [a] ! b [b] ! b [a] \") (= (v p) 't')) ep.true)",
        "213": "(= (@ep (\"! b [b] + b [a] + b [b] + b [a] \") (= (v p) 't')) ep.true)",
        "214": "(= (@ep (\"! b [b] + b [a] + b [b] $ b [a] \") (= (v p) 't')) ep.true)",
        "215": "(= (@ep (\"! b [b] + b [a] + b [b] ! b [a] \") (= (v p) 't')) ep.true)",
        "216": "(= (@ep (\"! b [b] + b [a] $ b [b] + b [a] \") (= (v p) 't')) ep.true)",
        "217": "(= (@ep (\"! b [b] + b [a] $ b [b] $ b [a] \") (= (v p) 't')) ep.true)",
        "218": "(= (@ep (\"! b [b] + b [a] $ b [b] ! b [a] \") (= (v p) 't')) ep.true)",
        "219": "(= (@ep (\"! b [b] + b [a] ! b [b] + b [a] \") (= (v p) 't')) ep.true)",
        "220": "(= (@ep (\"! b [b] + b [a] ! b [b] $ b [a] \") (= (v p) 't')) ep.true)",
        "221": "(= (@ep (\"! b [b] + b [a] ! b [b] ! b [a] \") (= (v p) 't')) ep.true)",
        "222": "(= (@ep (\"! b [b] $ b [a] + b [b] + b [a] \") (= (v p) 't')) ep.true)",
        "223": "(= (@ep (\"! b [b] $ b [a] + b [b] $ b [a] \") (= (v p) 't')) ep.true)",
        "224": "(= (@ep (\"! b [b] $ b [a] + b [b] ! b [a] \") (= (v p) 't')) ep.true)",
        "225": "(= (@ep (\"! b [b] $ b [a] $ b [b] + b [a] \") (= (v p) 't')) ep.true)",
        "226": "(= (@ep (\"! b [b] $ b [a] $ b [b] $ b [a] \") (= (v p) 't')) ep.true)",
        "227": "(= (@ep (\"! b [b] $ b [a] $ b [b] ! b [a] \") (= (v p) 't')) ep.true)",
        "228": "(= (@ep (\"! b [b] $ b [a] ! b [b] + b [a] \") (= (v p) 't')) ep.true)",
        "229": "(= (@ep (\"! b [b] $ b [a] ! b [b] $ b [a] \") (= (v p) 't')) ep.true)",
        "230": "(= (@ep (\"! b [b] $ b [a] ! b [b] ! b [a] \") (= (v p) 't')) ep.true)",
        "231": "(= (@ep (\"! b [b] ! b [a] + b [b] + b [a] \") (= (v p) 't')) ep.true)",
        "232": "(= (@ep (\"! b [b] ! b [a] + b [b] $ b [a] \") (= (v p) 't')) ep.true)",
        "233": "(= (@ep (\"! b [b] ! b [a] + b [b] ! b [a] \") (= (v p) 't')) ep.true)",
        "234": "(= (@ep (\"! b [b] ! b [a] $ b [b] + b [a] \") (= (v p) 't')) ep.true)",
        "235": "(= (@ep (\"! b [b] ! b [a] $ b [b] $ b [a] \") (= (v p) 't')) ep.true)",
        "236": "(= (@ep (\"! b [b] ! b [a] $ b [b] ! b [a] \") (= (v p) 't')) ep.true)",
        "237": "(= (@ep (\"! b [b] ! b [a] ! b [b] + b [a] \") (= (v p) 't')) ep.true)",
        "238": "(= (@ep (\"! b [b] ! b [a] ! b [b] $ b [a] \") (= (v p) 't')) ep.true)",
        "239": "(= (@ep (\"! b [b] ! b [a] ! b [b] ! b [a] \") (= (v p) 't')) ep.true)"
    }
}