{"solvable": true, "plan": ["turn_clockwise-b", "turn_clockwise-b", "turn_clockwise-b", "turn_clockwise-b", "turn_clockwise-b"], "pruned": 121, "pruned_by_unknown": 0, "pruned_by_visited": 121, "goal_checked": 756, "expanded": 189, "generated": 756, "epistemic_calls": 1067, "epistemic_call_time": 45.724576, "epistemic_call_time_avg": 0.04285339831302718, "common_calls": 1514, "common_total": 5276, "common_max": 4, "common_average": 3.4848084544253632, "domain_name": "bbl", "problem": "group_bbl_04", "search": "fbfsdc", "init_time": 0.001118, "search_time": 45.841045}