{"solvable": true, "plan": ["turn_clockwise-a", "turn_clockwise-a", "turn_clockwise-a", "turn_clockwise-a", "turn_clockwise-b", "turn_clockwise-b", "turn_clockwise-b", "turn_clockwise-b", "turn_clockwise-b"], "pruned": 2319, "pruned_by_unknown": 0, "pruned_by_visited": 2319, "goal_checked": 6380, "expanded": 1595, "generated": 6380, "epistemic_calls": 10295, "epistemic_call_time": 4.012071, "epistemic_call_time_avg": 0.00038971063623118013, "common_calls": 0, "common_total": 0, "common_max": 0, "common_average": 0, "domain_name": "bbl", "problem": "group_bbl_06", "search": "fbfsdc", "init_time": 0.001367, "search_time": 5.006667}