{"solvable": true, "plan": ["turn_clockwise-b", "turn_clockwise-b", "turn_clockwise-b", "turn_clockwise-b", "turn_clockwise-b"], "pruned": 125, "pruned_by_unknown": 0, "pruned_by_visited": 125, "goal_checked": 708, "expanded": 177, "generated": 708, "epistemic_calls": 1011, "epistemic_call_time": 21.962993, "epistemic_call_time_avg": 0.021724028684470823, "common_calls": 709, "common_total": 2476, "common_max": 4, "common_average": 3.4922425952045133, "domain_name": "bbl", "problem": "group_bbl_03", "search": "fbfsdc", "init_time": 0.001253, "search_time": 22.071797}