{"solvable": true, "plan": ["move_right-b", "sharing_truth-a-a", "move_right-c", "sharing_truth-c-a"], "pruned": 208, "pruned_by_unknown": 113, "pruned_by_visited": 95, "goal_checked": 568, "expanded": 70, "generated": 455, "epistemic_calls": 734, "epistemic_call_time": 0.973643, "epistemic_call_time_avg": 0.0013264891008174387, "common_calls": 0, "common_total": 0, "common_max": 0, "common_average": 0, "domain_name": "group_grapevine", "problem": "group_grapevine_07", "search": "fbfsdc", "init_time": 0.002417, "search_time": 1.396243}