{"solvable": true, "plan": ["move_right-b", "sharing_truth-a-a", "move_right-a", "sharing_truth-a-a"], "pruned": 174, "pruned_by_unknown": 82, "pruned_by_visited": 92, "goal_checked": 532, "expanded": 66, "generated": 450, "epistemic_calls": 691, "epistemic_call_time": 4.104236, "epistemic_call_time_avg": 0.00593956005788712, "common_calls": 533, "common_total": 1703, "common_max": 4, "common_average": 3.1951219512195124, "domain_name": "group_grapevine", "problem": "group_grapevine_02", "search": "fbfsdc", "init_time": 0.001816, "search_time": 4.541524}