{"solvable": true, "plan": ["lying-a", "move_right-b", "sharing-a"], "pruned": 121, "pruned_by_unknown": 0, "pruned_by_visited": 121, "goal_checked": 913, "expanded": 103, "generated": 913, "epistemic_calls": 1138, "epistemic_call_time": 5.55567, "epistemic_call_time_avg": 0.004881959578207381, "common_calls": 1828, "common_total": 5516, "common_max": 4, "common_average": 3.017505470459519, "domain_name": "group_grapevine", "problem": "group_grapevine_04", "search": "fbfsdc", "init_time": 0.002619, "search_time": 6.139522}