{"solvable": true, "plan": ["move_right-b", "sharing_truth-a-a", "move_right-a", "sharing_truth-a-a", "move_left-b", "sharing_truth-b-a"], "pruned": 1213, "pruned_by_unknown": 296, "pruned_by_visited": 917, "goal_checked": 2124, "expanded": 240, "generated": 1828, "epistemic_calls": 3282, "epistemic_call_time": 32.768831, "epistemic_call_time_avg": 0.009984409201706276, "common_calls": 2125, "common_total": 7428, "common_max": 5, "common_average": 3.4955294117647058, "domain_name": "group_grapevine", "problem": "group_grapevine_03", "search": "fbfsdc", "init_time": 0.001942, "search_time": 35.764365}