{"solvable": true, "plan": ["lying-a", "move_right-a", "move_right-d", "sharing-a"], "pruned": 504, "pruned_by_unknown": 0, "pruned_by_visited": 504, "goal_checked": 2959, "expanded": 328, "generated": 2959, "epistemic_calls": 3792, "epistemic_call_time": 40.638602, "epistemic_call_time_avg": 0.010716930907172996, "common_calls": 14800, "common_total": 39434, "common_max": 4, "common_average": 2.6644594594594593, "domain_name": "group_grapevine", "problem": "group_grapevine_05", "search": "fbfsdc", "init_time": 0.001921, "search_time": 42.776286}