{"solvable": {"coin_maxd4_00179": [":epistemic + b [b] - b [a] + b [b] - b [a] (= (face-c) 'head')"], "coin_maxd4_00157": [":epistemic - b [a] - b [b] - b [a] $ b [b] (= (face-c) 'head')"], "coin_maxd4_00226": [":epistemic - b [b] $ b [a] $ b [b] $ b [a] (= (face-c) 'head')"], "coin_maxd4_00073": [":epistemic - b [b] $ b [a] $ b [b] (= (face-c) 'head')"], "coin_maxd4_00016": [":epistemic + b [b] $ b [a] (= (face-c) 'head')"], "coin_maxd4_00008": [":epistemic + b [a] - b [b] (= (face-c) 'head')"], "coin_maxd4_00012": [":epistemic - b [a] + b [b] (= (face-c) 'head')"], "coin_maxd4_00160": [":epistemic + b [b] + b [a] + b [b] $ b [a] (= (face-c) 'head')"], "coin_maxd4_00046": [":epistemic - b [a] $ b [b] $ b [a] (= (face-c) 'head')"], "coin_maxd4_00022": [":epistemic - b [b] $ b [a] (= (face-c) 'head')"], "coin_maxd4_00231": [":epistemic - b [b] - b [a] + b [b] + b [a] (= (face-c) 'head')"], "coin_maxd4_00001": [":epistemic $ b [a] (= (face-c) 'head')"], "coin_maxd4_00021": [":epistemic - b [b] + b [a] (= (face-c) 'head')"], "coin_maxd4_00004": [":epistemic $ b [b] (= (face-c) 'head')"], "coin_maxd4_00239": [":epistemic - b [b] - b [a] - b [b] - b [a] (= (face-c) 'head')"], "coin_maxd4_00147": [":epistemic - b [a] $ b [b] - b [a] + b [b] (= (face-c) 'head')"], "coin_maxd4_00102": [":epistemic + b [a] - b [b] - b [a] + b [b] (= (face-c) 'head')"], "coin_maxd4_00151": [":epistemic - b [a] - b [b] + b [a] $ b [b] (= (face-c) 'head')"], "coin_maxd4_00098": [":epistemic + b [a] - b [b] + b [a] - b [b] (= (face-c) 'head')"], "coin_maxd4_00085": [":epistemic + b [a] + b [b] - b [a] $ b [b] (= (face-c) 'head')"], "coin_maxd4_00057": [":epistemic + b [b] - b [a] + b [b] (= (face-c) 'head')"], "coin_maxd4_00052": [":epistemic + b [b] + b [a] $ b [b] (= (face-c) 'head')"], "coin_maxd4_00059": [":epistemic + b [b] - b [a] - b [b] (= (face-c) 'head')"], "coin_maxd4_00104": [":epistemic + b [a] - b [b] - b [a] - b [b] (= (face-c) 'head')"], "coin_maxd4_00214": [":epistemic - b [b] + b [a] + b [b] $ b [a] (= (face-c) 'head')"], "coin_maxd4_00237": [":epistemic - b [b] - b [a] - b [b] + b [a] (= (face-c) 'head')"], "coin_maxd4_00013": [":epistemic - b [a] $ b [b] (= (face-c) 'head')"], "coin_maxd4_00135": [":epistemic - b [a] + b [b] $ b [a] + b [b] (= (face-c) 'head')"], "coin_maxd4_00050": [":epistemic - b [a] - b [b] - b [a] (= (face-c) 'head')"], "coin_maxd4_00229": [":epistemic - b [b] $ b [a] - b [b] $ b [a] (= (face-c) 'head')"], "coin_maxd4_00006": [":epistemic + b [a] + b [b] (= (face-c) 'head')"], "coin_maxd4_00031": [":epistemic + b [a] - b [b] $ b [a] (= (face-c) 'head')"], "coin_maxd4_00219": [":epistemic - b [b] + b [a] - b [b] + b [a] (= (face-c) 'head')"], "coin_maxd4_00101": [":epistemic + b [a] - b [b] $ b [a] - b [b] (= (face-c) 'head')"], "coin_maxd4_00182": [":epistemic + b [b] - b [a] $ b [b] - b [a] (= (face-c) 'head')"], "coin_maxd4_00138": [":epistemic - b [a] + b [b] - b [a] + b [b] (= (face-c) 'head')"], "coin_maxd4_00150": [":epistemic - b [a] - b [b] + b [a] + b [b] (= (face-c) 'head')"], "coin_maxd4_00141": [":epistemic - b [a] $ b [b] + b [a] + b [b] (= (face-c) 'head')"], "coin_maxd4_00167": [":epistemic + b [b] + b [a] - b [b] - b [a] (= (face-c) 'head')"], "coin_maxd4_00224": [":epistemic - b [b] $ b [a] + b [b] - b [a] (= (face-c) 'head')"], "coin_maxd4_00152": [":epistemic - b [a] - b [b] + b [a] - b [b] (= (face-c) 'head')"], "coin_maxd4_00227": [":epistemic - b [b] $ b [a] $ b [b] - b [a] (= (face-c) 'head')"], "coin_maxd4_00165": [":epistemic + b [b] + b [a] - b [b] + b [a] (= (face-c) 'head')"], "coin_maxd4_00069": [":epistemic - b [b] + b [a] + b [b] (= (face-c) 'head')"], "coin_maxd4_00077": [":epistemic - b [b] - b [a] - b [b] (= (face-c) 'head')"], "coin_maxd4_00215": [":epistemic - b [b] + b [a] + b [b] - b [a] (= (face-c) 'head')"], "coin_maxd4_00142": [":epistemic - b [a] $ b [b] + b [a] $ b [b] (= (face-c) 'head')"], "coin_maxd4_00223": [":epistemic - b [b] $ b [a] + b [b] $ b [a] (= (face-c) 'head')"], "coin_maxd4_00159": [":epistemic + b [b] + b [a] + b [b] + b [a] (= (face-c) 'head')"], "coin_maxd4_00043": [":epistemic - b [a] + b [b] $ b [a] (= (face-c) 'head')"], "coin_maxd4_00144": [":epistemic - b [a] $ b [b] $ b [a] + b [b] (= (face-c) 'head')"], "coin_maxd4_00222": [":epistemic - b [b] $ b [a] + b [b] + b [a] (= (face-c) 'head')"], "coin_maxd4_00048": [":epistemic - b [a] - b [b] + b [a] (= (face-c) 'head')"], "coin_maxd4_00017": [":epistemic + b [b] - b [a] (= (face-c) 'head')"], "coin_maxd4_00072": [":epistemic - b [b] $ b [a] + b [b] (= (face-c) 'head')"], "coin_maxd4_00217": [":epistemic - b [b] + b [a] $ b [b] $ b [a] (= (face-c) 'head')"], "coin_maxd4_00097": [":epistemic + b [a] - b [b] + b [a] $ b [b] (= (face-c) 'head')"], "coin_maxd4_00228": [":epistemic - b [b] $ b [a] - b [b] + b [a] (= (face-c) 'head')"], "coin_maxd4_00002": [":epistemic - b [a] (= (face-c) 'head')"], "coin_maxd4_00071": [":epistemic - b [b] + b [a] - b [b] (= (face-c) 'head')"], "coin_maxd4_00140": [":epistemic - b [a] + b [b] - b [a] - b [b] (= (face-c) 'head')"], "coin_maxd4_00136": [":epistemic - b [a] + b [b] $ b [a] $ b [b] (= (face-c) 'head')"], "coin_maxd4_00178": [":epistemic + b [b] - b [a] + b [b] $ b [a] (= (face-c) 'head')"], "coin_maxd4_00053": [":epistemic + b [b] + b [a] - b [b] (= (face-c) 'head')"], "coin_maxd4_00221": [":epistemic - b [b] + b [a] - b [b] - b [a] (= (face-c) 'head')"], "coin_maxd4_00030": [":epistemic + b [a] - b [b] + b [a] (= (face-c) 'head')"], "coin_maxd4_00232": [":epistemic - b [b] - b [a] + b [b] $ b [a] (= (face-c) 'head')"], "coin_maxd4_00183": [":epistemic + b [b] - b [a] - b [b] + b [a] (= (face-c) 'head')"], "coin_maxd4_00137": [":epistemic - b [a] + b [b] $ b [a] - b [b] (= (face-c) 'head')"], "coin_maxd4_00177": [":epistemic + b [b] - b [a] + b [b] + b [a] (= (face-c) 'head')"], "coin_maxd4_00143": [":epistemic - b [a] $ b [b] + b [a] - b [b] (= (face-c) 'head')"], "coin_maxd4_00213": [":epistemic - b [b] + b [a] + b [b] + b [a] (= (face-c) 'head')"], "coin_maxd4_00074": [":epistemic - b [b] $ b [a] - b [b] (= (face-c) 'head')"], "coin_maxd4_00032": [":epistemic + b [a] - b [b] - b [a] (= (face-c) 'head')"], "coin_maxd4_00185": [":epistemic + b [b] - b [a] - b [b] - b [a] (= (face-c) 'head')"], "coin_maxd4_00024": [":epistemic + b [a] + b [b] + b [a] (= (face-c) 'head')"], "coin_maxd4_00233": [":epistemic - b [b] - b [a] + b [b] - b [a] (= (face-c) 'head')"], "coin_maxd4_00007": [":epistemic + b [a] $ b [b] (= (face-c) 'head')"], "coin_maxd4_00148": [":epistemic - b [a] $ b [b] - b [a] $ b [b] (= (face-c) 'head')"], "coin_maxd4_00181": [":epistemic + b [b] - b [a] $ b [b] $ b [a] (= (face-c) 'head')"], "coin_maxd4_00078": [":epistemic + b [a] + b [b] + b [a] + b [b] (= (face-c) 'head')"], "coin_maxd4_00230": [":epistemic - b [b] $ b [a] - b [b] - b [a] (= (face-c) 'head')"], "coin_maxd4_00047": [":epistemic - b [a] $ b [b] - b [a] (= (face-c) 'head')"], "coin_maxd4_00058": [":epistemic + b [b] - b [a] $ b [b] (= (face-c) 'head')"], "coin_maxd4_00149": [":epistemic - b [a] $ b [b] - b [a] - b [b] (= (face-c) 'head')"], "coin_maxd4_00023": [":epistemic - b [b] - b [a] (= (face-c) 'head')"], "coin_maxd4_00076": [":epistemic - b [b] - b [a] $ b [b] (= (face-c) 'head')"], "coin_maxd4_00184": [":epistemic + b [b] - b [a] - b [b] $ b [a] (= (face-c) 'head')"], "coin_maxd4_00238": [":epistemic - b [b] - b [a] - b [b] $ b [a] (= (face-c) 'head')"], "coin_maxd4_00003": [":epistemic + b [b] (= (face-c) 'head')"], "coin_maxd4_00166": [":epistemic + b [b] + b [a] - b [b] $ b [a] (= (face-c) 'head')"], "coin_maxd4_00216": [":epistemic - b [b] + b [a] $ b [b] + b [a] (= (face-c) 'head')"], "coin_maxd4_00000": [":epistemic + b [a] (= (face-c) 'head')"], "coin_maxd4_00079": [":epistemic + b [a] + b [b] + b [a] $ b [b] (= (face-c) 'head')"], "coin_maxd4_00180": [":epistemic + b [b] - b [a] $ b [b] + b [a] (= (face-c) 'head')"], "coin_maxd4_00133": [":epistemic - b [a] + b [b] + b [a] $ b [b] (= (face-c) 'head')"], "coin_maxd4_00158": [":epistemic - b [a] - b [b] - b [a] - b [b] (= (face-c) 'head')"], "coin_maxd4_00084": [":epistemic + b [a] + b [b] - b [a] + b [b] (= (face-c) 'head')"], "coin_maxd4_00145": [":epistemic - b [a] $ b [b] $ b [a] $ b [b] (= (face-c) 'head')"], "coin_maxd4_00051": [":epistemic + b [b] + b [a] + b [b] (= (face-c) 'head')"], "coin_maxd4_00134": [":epistemic - b [a] + b [b] + b [a] - b [b] (= (face-c) 'head')"], "coin_maxd4_00049": [":epistemic - b [a] - b [b] $ b [a] (= (face-c) 'head')"], "coin_maxd4_00042": [":epistemic - b [a] + b [b] + b [a] (= (face-c) 'head')"], "coin_maxd4_00218": [":epistemic - b [b] + b [a] $ b [b] - b [a] (= (face-c) 'head')"], "coin_maxd4_00156": [":epistemic - b [a] - b [b] - b [a] + b [b] (= (face-c) 'head')"], "coin_maxd4_00100": [":epistemic + b [a] - b [b] $ b [a] $ b [b] (= (face-c) 'head')"], "coin_maxd4_00015": [":epistemic + b [b] + b [a] (= (face-c) 'head')"], "coin_maxd4_00075": [":epistemic - b [b] - b [a] + b [b] (= (face-c) 'head')"], "coin_maxd4_00132": [":epistemic - b [a] + b [b] + b [a] + b [b] (= (face-c) 'head')"], "coin_maxd4_00220": [":epistemic - b [b] + b [a] - b [b] $ b [a] (= (face-c) 'head')"], "coin_maxd4_00086": [":epistemic + b [a] + b [b] - b [a] - b [b] (= (face-c) 'head')"], "coin_maxd4_00096": [":epistemic + b [a] - b [b] + b [a] + b [b] (= (face-c) 'head')"], "coin_maxd4_00044": [":epistemic - b [a] + b [b] - b [a] (= (face-c) 'head')"], "coin_maxd4_00161": [":epistemic + b [b] + b [a] + b [b] - b [a] (= (face-c) 'head')"], "coin_maxd4_00139": [":epistemic - b [a] + b [b] - b [a] $ b [b] (= (face-c) 'head')"], "coin_maxd4_00146": [":epistemic - b [a] $ b [b] $ b [a] - b [b] (= (face-c) 'head')"], "coin_maxd4_00005": [":epistemic - b [b] (= (face-c) 'head')"], "coin_maxd4_00025": [":epistemic + b [a] + b [b] $ b [a] (= (face-c) 'head')"], "coin_maxd4_00045": [":epistemic - b [a] $ b [b] + b [a] (= (face-c) 'head')"], "coin_maxd4_00099": [":epistemic + b [a] - b [b] $ b [a] + b [b] (= (face-c) 'head')"], "coin_maxd4_00103": [":epistemic + b [a] - b [b] - b [a] $ b [b] (= (face-c) 'head')"], "coin_maxd4_00070": [":epistemic - b [b] + b [a] $ b [b] (= (face-c) 'head')"], "coin_maxd4_00080": [":epistemic + b [a] + b [b] + b [a] - b [b] (= (face-c) 'head')"], "coin_maxd4_00225": [":epistemic - b [b] $ b [a] $ b [b] + b [a] (= (face-c) 'head')"], "coin_maxd4_00026": [":epistemic + b [a] + b [b] - b [a] (= (face-c) 'head')"], "coin_maxd4_00014": [":epistemic - b [a] - b [b] (= (face-c) 'head')"]}, "unsolvable": {"coin_maxd4_00120": [":epistemic $ b [a] $ b [b] - b [a] + b [b] (= (face-c) 'head')"], "coin_maxd4_00187": [":epistemic $ b [b] + b [a] + b [b] $ b [a] (= (face-c) 'head')"], "coin_maxd4_00154": [":epistemic - b [a] - b [b] $ b [a] $ b [b] (= (face-c) 'head')"], "coin_maxd4_00205": [":epistemic $ b [b] - b [a] + b [b] $ b [a] (= (face-c) 'head')"], "coin_maxd4_00055": [":epistemic + b [b] $ b [a] $ b [b] (= (face-c) 'head')"], "coin_maxd4_00206": [":epistemic $ b [b] - b [a] + b [b] - b [a] (= (face-c) 'head')"], "coin_maxd4_00056": [":epistemic + b [b] $ b [a] - b [b] (= (face-c) 'head')"], "coin_maxd4_00131": [":epistemic $ b [a] - b [b] - b [a] - b [b] (= (face-c) 'head')"], "coin_maxd4_00116": [":epistemic $ b [a] $ b [b] + b [a] - b [b] (= (face-c) 'head')"], "coin_maxd4_00203": [":epistemic $ b [b] $ b [a] - b [b] - b [a] (= (face-c) 'head')"], "coin_maxd4_00064": [":epistemic $ b [b] $ b [a] $ b [b] (= (face-c) 'head')"], "coin_maxd4_00112": [":epistemic $ b [a] + b [b] - b [a] $ b [b] (= (face-c) 'head')"], "coin_maxd4_00081": [":epistemic + b [a] + b [b] $ b [a] + b [b] (= (face-c) 'head')"], "coin_maxd4_00155": [":epistemic - b [a] - b [b] $ b [a] - b [b] (= (face-c) 'head')"], "coin_maxd4_00092": [":epistemic + b [a] $ b [b] $ b [a] - b [b] (= (face-c) 'head')"], "coin_maxd4_00168": [":epistemic + b [b] $ b [a] + b [b] + b [a] (= (face-c) 'head')"], "coin_maxd4_00088": [":epistemic + b [a] $ b [b] + b [a] $ b [b] (= (face-c) 'head')"], "coin_maxd4_00066": [":epistemic $ b [b] - b [a] + b [b] (= (face-c) 'head')"], "coin_maxd4_00121": [":epistemic $ b [a] $ b [b] - b [a] $ b [b] (= (face-c) 'head')"], "coin_maxd4_00110": [":epistemic $ b [a] + b [b] $ b [a] - b [b] (= (face-c) 'head')"], "coin_maxd4_00123": [":epistemic $ b [a] - b [b] + b [a] + b [b] (= (face-c) 'head')"], "coin_maxd4_00122": [":epistemic $ b [a] $ b [b] - b [a] - b [b] (= (face-c) 'head')"], "coin_maxd4_00019": [":epistemic $ b [b] $ b [a] (= (face-c) 'head')"], "coin_maxd4_00209": [":epistemic $ b [b] - b [a] $ b [b] - b [a] (= (face-c) 'head')"], "coin_maxd4_00188": [":epistemic $ b [b] + b [a] + b [b] - b [a] (= (face-c) 'head')"], "coin_maxd4_00068": [":epistemic $ b [b] - b [a] - b [b] (= (face-c) 'head')"], "coin_maxd4_00212": [":epistemic $ b [b] - b [a] - b [b] - b [a] (= (face-c) 'head')"], "coin_maxd4_00174": [":epistemic + b [b] $ b [a] - b [b] + b [a] (= (face-c) 'head')"], "coin_maxd4_00114": [":epistemic $ b [a] $ b [b] + b [a] + b [b] (= (face-c) 'head')"], "coin_maxd4_00090": [":epistemic + b [a] $ b [b] $ b [a] + b [b] (= (face-c) 'head')"], "coin_maxd4_00199": [":epistemic $ b [b] $ b [a] $ b [b] $ b [a] (= (face-c) 'head')"], "coin_maxd4_00108": [":epistemic $ b [a] + b [b] $ b [a] + b [b] (= (face-c) 'head')"], "coin_maxd4_00060": [":epistemic $ b [b] + b [a] + b [b] (= (face-c) 'head')"], "coin_maxd4_00117": [":epistemic $ b [a] $ b [b] $ b [a] + b [b] (= (face-c) 'head')"], "coin_maxd4_00191": [":epistemic $ b [b] + b [a] $ b [b] - b [a] (= (face-c) 'head')"], "coin_maxd4_00010": [":epistemic $ b [a] $ b [b] (= (face-c) 'head')"], "coin_maxd4_00020": [":epistemic $ b [b] - b [a] (= (face-c) 'head')"], "coin_maxd4_00033": [":epistemic $ b [a] + b [b] + b [a] (= (face-c) 'head')"], "coin_maxd4_00040": [":epistemic $ b [a] - b [b] $ b [a] (= (face-c) 'head')"], "coin_maxd4_00235": [":epistemic - b [b] - b [a] $ b [b] $ b [a] (= (face-c) 'head')"], "coin_maxd4_00061": [":epistemic $ b [b] + b [a] $ b [b] (= (face-c) 'head')"], "coin_maxd4_00128": [":epistemic $ b [a] - b [b] $ b [a] - b [b] (= (face-c) 'head')"], "coin_maxd4_00106": [":epistemic $ b [a] + b [b] + b [a] $ b [b] (= (face-c) 'head')"], "coin_maxd4_00234": [":epistemic - b [b] - b [a] $ b [b] + b [a] (= (face-c) 'head')"], "coin_maxd4_00119": [":epistemic $ b [a] $ b [b] $ b [a] - b [b] (= (face-c) 'head')"], "coin_maxd4_00038": [":epistemic $ b [a] $ b [b] - b [a] (= (face-c) 'head')"], "coin_maxd4_00027": [":epistemic + b [a] $ b [b] + b [a] (= (face-c) 'head')"], "coin_maxd4_00169": [":epistemic + b [b] $ b [a] + b [b] $ b [a] (= (face-c) 'head')"], "coin_maxd4_00195": [":epistemic $ b [b] $ b [a] + b [b] + b [a] (= (face-c) 'head')"], "coin_maxd4_00095": [":epistemic + b [a] $ b [b] - b [a] - b [b] (= (face-c) 'head')"], "coin_maxd4_00105": [":epistemic $ b [a] + b [b] + b [a] + b [b] (= (face-c) 'head')"], "coin_maxd4_00034": [":epistemic $ b [a] + b [b] $ b [a] (= (face-c) 'head')"], "coin_maxd4_00107": [":epistemic $ b [a] + b [b] + b [a] - b [b] (= (face-c) 'head')"], "coin_maxd4_00082": [":epistemic + b [a] + b [b] $ b [a] $ b [b] (= (face-c) 'head')"], "coin_maxd4_00036": [":epistemic $ b [a] $ b [b] + b [a] (= (face-c) 'head')"], "coin_maxd4_00029": [":epistemic + b [a] $ b [b] - b [a] (= (face-c) 'head')"], "coin_maxd4_00091": [":epistemic + b [a] $ b [b] $ b [a] $ b [b] (= (face-c) 'head')"], "coin_maxd4_00127": [":epistemic $ b [a] - b [b] $ b [a] $ b [b] (= (face-c) 'head')"], "coin_maxd4_00175": [":epistemic + b [b] $ b [a] - b [b] $ b [a] (= (face-c) 'head')"], "coin_maxd4_00118": [":epistemic $ b [a] $ b [b] $ b [a] $ b [b] (= (face-c) 'head')"], "coin_maxd4_00126": [":epistemic $ b [a] - b [b] $ b [a] + b [b] (= (face-c) 'head')"], "coin_maxd4_00170": [":epistemic + b [b] $ b [a] + b [b] - b [a] (= (face-c) 'head')"], "coin_maxd4_00163": [":epistemic + b [b] + b [a] $ b [b] $ b [a] (= (face-c) 'head')"], "coin_maxd4_00164": [":epistemic + b [b] + b [a] $ b [b] - b [a] (= (face-c) 'head')"], "coin_maxd4_00093": [":epistemic + b [a] $ b [b] - b [a] + b [b] (= (face-c) 'head')"], "coin_maxd4_00162": [":epistemic + b [b] + b [a] $ b [b] + b [a] (= (face-c) 'head')"], "coin_maxd4_00062": [":epistemic $ b [b] + b [a] - b [b] (= (face-c) 'head')"], "coin_maxd4_00153": [":epistemic - b [a] - b [b] $ b [a] + b [b] (= (face-c) 'head')"], "coin_maxd4_00129": [":epistemic $ b [a] - b [b] - b [a] + b [b] (= (face-c) 'head')"], "coin_maxd4_00186": [":epistemic $ b [b] + b [a] + b [b] + b [a] (= (face-c) 'head')"], "coin_maxd4_00109": [":epistemic $ b [a] + b [b] $ b [a] $ b [b] (= (face-c) 'head')"], "coin_maxd4_00196": [":epistemic $ b [b] $ b [a] + b [b] $ b [a] (= (face-c) 'head')"], "coin_maxd4_00200": [":epistemic $ b [b] $ b [a] $ b [b] - b [a] (= (face-c) 'head')"], "coin_maxd4_00065": [":epistemic $ b [b] $ b [a] - b [b] (= (face-c) 'head')"], "coin_maxd4_00197": [":epistemic $ b [b] $ b [a] + b [b] - b [a] (= (face-c) 'head')"], "coin_maxd4_00236": [":epistemic - b [b] - b [a] $ b [b] - b [a] (= (face-c) 'head')"], "coin_maxd4_00124": [":epistemic $ b [a] - b [b] + b [a] $ b [b] (= (face-c) 'head')"], "coin_maxd4_00204": [":epistemic $ b [b] - b [a] + b [b] + b [a] (= (face-c) 'head')"], "coin_maxd4_00011": [":epistemic $ b [a] - b [b] (= (face-c) 'head')"], "coin_maxd4_00125": [":epistemic $ b [a] - b [b] + b [a] - b [b] (= (face-c) 'head')"], "coin_maxd4_00130": [":epistemic $ b [a] - b [b] - b [a] $ b [b] (= (face-c) 'head')"], "coin_maxd4_00111": [":epistemic $ b [a] + b [b] - b [a] + b [b] (= (face-c) 'head')"], "coin_maxd4_00194": [":epistemic $ b [b] + b [a] - b [b] - b [a] (= (face-c) 'head')"], "coin_maxd4_00210": [":epistemic $ b [b] - b [a] - b [b] + b [a] (= (face-c) 'head')"], "coin_maxd4_00087": [":epistemic + b [a] $ b [b] + b [a] + b [b] (= (face-c) 'head')"], "coin_maxd4_00094": [":epistemic + b [a] $ b [b] - b [a] $ b [b] (= (face-c) 'head')"], "coin_maxd4_00113": [":epistemic $ b [a] + b [b] - b [a] - b [b] (= (face-c) 'head')"], "coin_maxd4_00172": [":epistemic + b [b] $ b [a] $ b [b] $ b [a] (= (face-c) 'head')"], "coin_maxd4_00173": [":epistemic + b [b] $ b [a] $ b [b] - b [a] (= (face-c) 'head')"], "coin_maxd4_00054": [":epistemic + b [b] $ b [a] + b [b] (= (face-c) 'head')"], "coin_maxd4_00189": [":epistemic $ b [b] + b [a] $ b [b] + b [a] (= (face-c) 'head')"], "coin_maxd4_00190": [":epistemic $ b [b] + b [a] $ b [b] $ b [a] (= (face-c) 'head')"], "coin_maxd4_00035": [":epistemic $ b [a] + b [b] - b [a] (= (face-c) 'head')"], "coin_maxd4_00211": [":epistemic $ b [b] - b [a] - b [b] $ b [a] (= (face-c) 'head')"], "coin_maxd4_00171": [":epistemic + b [b] $ b [a] $ b [b] + b [a] (= (face-c) 'head')"], "coin_maxd4_00083": [":epistemic + b [a] + b [b] $ b [a] - b [b] (= (face-c) 'head')"], "coin_maxd4_00115": [":epistemic $ b [a] $ b [b] + b [a] $ b [b] (= (face-c) 'head')"], "coin_maxd4_00028": [":epistemic + b [a] $ b [b] $ b [a] (= (face-c) 'head')"], "coin_maxd4_00009": [":epistemic $ b [a] + b [b] (= (face-c) 'head')"], "coin_maxd4_00198": [":epistemic $ b [b] $ b [a] $ b [b] + b [a] (= (face-c) 'head')"], "coin_maxd4_00208": [":epistemic $ b [b] - b [a] $ b [b] $ b [a] (= (face-c) 'head')"], "coin_maxd4_00193": [":epistemic $ b [b] + b [a] - b [b] $ b [a] (= (face-c) 'head')"], "coin_maxd4_00207": [":epistemic $ b [b] - b [a] $ b [b] + b [a] (= (face-c) 'head')"], "coin_maxd4_00201": [":epistemic $ b [b] $ b [a] - b [b] + b [a] (= (face-c) 'head')"], "coin_maxd4_00192": [":epistemic $ b [b] + b [a] - b [b] + b [a] (= (face-c) 'head')"], "coin_maxd4_00041": [":epistemic $ b [a] - b [b] - b [a] (= (face-c) 'head')"], "coin_maxd4_00089": [":epistemic + b [a] $ b [b] + b [a] - b [b] (= (face-c) 'head')"], "coin_maxd4_00067": [":epistemic $ b [b] - b [a] $ b [b] (= (face-c) 'head')"], "coin_maxd4_00176": [":epistemic + b [b] $ b [a] - b [b] - b [a] (= (face-c) 'head')"], "coin_maxd4_00063": [":epistemic $ b [b] $ b [a] + b [b] (= (face-c) 'head')"], "coin_maxd4_00018": [":epistemic $ b [b] + b [a] (= (face-c) 'head')"], "coin_maxd4_00037": [":epistemic $ b [a] $ b [b] $ b [a] (= (face-c) 'head')"], "coin_maxd4_00202": [":epistemic $ b [b] $ b [a] - b [b] $ b [a] (= (face-c) 'head')"], "coin_maxd4_00039": [":epistemic $ b [a] - b [b] + b [a] (= (face-c) 'head')"]}}