{
    "solvable": {
        "grapevine_maxd3_00057": [
            ":epistemic - b [b] + b [c] (= (secret-a) 't')"
        ],
        "grapevine_maxd3_00084": [
            ":epistemic - b [c] + b [b] (= (secret-a) 't')"
        ],
        "grapevine_maxd3_00224": [
            ":epistemic - b [a] - b [d] (= (secret-c) 't')"
        ],
        "grapevine_maxd3_00359": [
            ":epistemic - b [c] - b [d] (= (secret-d) 't')"
        ],
        "grapevine_maxd3_00151": [
            ":epistemic + b [c] $ b [d] (= (secret-b) 't')"
        ],
        "grapevine_maxd3_00037": [
            ":epistemic + b [b] $ b [a] (= (secret-a) 't')"
        ],
        "grapevine_maxd3_00091": [
            ":epistemic + b [d] $ b [a] (= (secret-a) 't')"
        ],
        "grapevine_maxd3_00138": [
            ":epistemic - b [a] + b [c] (= (secret-b) 't')"
        ],
        "grapevine_maxd3_00298": [
            ":epistemic - b [a] $ b [b] (= (secret-d) 't')"
        ],
        "grapevine_maxd3_00338": [
            ":epistemic + b [c] - b [b] (= (secret-d) 't')"
        ],
        "grapevine_maxd3_00068": [
            ":epistemic + b [c] - b [b] (= (secret-a) 't')"
        ],
        "grapevine_maxd3_00117": [
            ":epistemic + b [a] + b [b] (= (secret-b) 't')"
        ],
        "grapevine_maxd3_00354": [
            ":epistemic - b [c] + b [b] (= (secret-d) 't')"
        ],
        "grapevine_maxd3_00029": [
            ":epistemic - b [a] (= (secret-d) 't')"
        ],
        "grapevine_maxd3_00125": [
            ":epistemic + b [a] - b [d] (= (secret-b) 't')"
        ],
        "grapevine_maxd3_00140": [
            ":epistemic - b [a] - b [c] (= (secret-b) 't')"
        ],
        "grapevine_maxd3_00011": [
            ":epistemic - b [a] (= (secret-b) 't')"
        ],
        "grapevine_maxd3_00118": [
            ":epistemic + b [a] $ b [b] (= (secret-b) 't')"
        ],
        "grapevine_maxd3_00119": [
            ":epistemic + b [a] - b [b] (= (secret-b) 't')"
        ],
        "grapevine_maxd3_00135": [
            ":epistemic - b [a] + b [b] (= (secret-b) 't')"
        ],
        "grapevine_maxd3_00042": [
            ":epistemic + b [b] + b [d] (= (secret-a) 't')"
        ],
        "grapevine_maxd3_00176": [
            ":epistemic + b [d] - b [b] (= (secret-b) 't')"
        ],
        "grapevine_maxd3_00325": [
            ":epistemic - b [b] $ b [a] (= (secret-d) 't')"
        ],
        "grapevine_maxd3_00283": [
            ":epistemic + b [a] $ b [c] (= (secret-d) 't')"
        ],
        "grapevine_maxd3_00055": [
            ":epistemic - b [b] $ b [a] (= (secret-a) 't')"
        ],
        "grapevine_maxd3_00054": [
            ":epistemic - b [b] + b [a] (= (secret-a) 't')"
        ],
        "grapevine_maxd3_00254": [
            ":epistemic + b [d] - b [a] (= (secret-c) 't')"
        ],
        "grapevine_maxd3_00169": [
            ":epistemic - b [c] $ b [d] (= (secret-b) 't')"
        ],
        "grapevine_maxd3_00167": [
            ":epistemic - b [c] - b [b] (= (secret-b) 't')"
        ],
        "grapevine_maxd3_00258": [
            ":epistemic + b [d] + b [c] (= (secret-c) 't')"
        ],
        "grapevine_maxd3_00063": [
            ":epistemic + b [c] + b [a] (= (secret-a) 't')"
        ],
        "grapevine_maxd3_00247": [
            ":epistemic - b [b] $ b [c] (= (secret-c) 't')"
        ],
        "grapevine_maxd3_00013": [
            ":epistemic $ b [c] (= (secret-b) 't')"
        ],
        "grapevine_maxd3_00340": [
            ":epistemic + b [c] $ b [d] (= (secret-d) 't')"
        ],
        "grapevine_maxd3_00022": [
            ":epistemic $ b [b] (= (secret-c) 't')"
        ],
        "grapevine_maxd3_00031": [
            ":epistemic $ b [b] (= (secret-d) 't')"
        ],
        "grapevine_maxd3_00141": [
            ":epistemic - b [a] + b [d] (= (secret-b) 't')"
        ],
        "grapevine_maxd3_00287": [
            ":epistemic + b [a] - b [d] (= (secret-d) 't')"
        ],
        "grapevine_maxd3_00148": [
            ":epistemic + b [c] $ b [b] (= (secret-b) 't')"
        ],
        "grapevine_maxd3_00193": [
            ":epistemic - b [d] $ b [b] (= (secret-b) 't')"
        ],
        "grapevine_maxd3_00023": [
            ":epistemic - b [b] (= (secret-c) 't')"
        ],
        "grapevine_maxd3_00246": [
            ":epistemic - b [b] + b [c] (= (secret-c) 't')"
        ],
        "grapevine_maxd3_00171": [
            ":epistemic + b [d] + b [a] (= (secret-b) 't')"
        ],
        "grapevine_maxd3_00280": [
            ":epistemic + b [a] $ b [b] (= (secret-d) 't')"
        ],
        "grapevine_maxd3_00327": [
            ":epistemic - b [b] + b [c] (= (secret-d) 't')"
        ],
        "grapevine_maxd3_00284": [
            ":epistemic + b [a] - b [c] (= (secret-d) 't')"
        ],
        "grapevine_maxd3_00233": [
            ":epistemic + b [b] - b [d] (= (secret-c) 't')"
        ],
        "grapevine_maxd3_00252": [
            ":epistemic + b [d] + b [a] (= (secret-c) 't')"
        ],
        "grapevine_maxd3_00147": [
            ":epistemic + b [c] + b [b] (= (secret-b) 't')"
        ],
        "grapevine_maxd3_00189": [
            ":epistemic - b [d] + b [a] (= (secret-b) 't')"
        ],
        "grapevine_maxd3_00356": [
            ":epistemic - b [c] - b [b] (= (secret-d) 't')"
        ],
        "grapevine_maxd3_00108": [
            ":epistemic - b [d] + b [a] (= (secret-a) 't')"
        ],
        "grapevine_maxd3_00260": [
            ":epistemic + b [d] - b [c] (= (secret-c) 't')"
        ],
        "grapevine_maxd3_00088": [
            ":epistemic - b [c] $ b [d] (= (secret-a) 't')"
        ],
        "grapevine_maxd3_00222": [
            ":epistemic - b [a] + b [d] (= (secret-c) 't')"
        ],
        "grapevine_maxd3_00255": [
            ":epistemic + b [d] + b [b] (= (secret-c) 't')"
        ],
        "grapevine_maxd3_00061": [
            ":epistemic - b [b] $ b [d] (= (secret-a) 't')"
        ],
        "grapevine_maxd3_00339": [
            ":epistemic + b [c] + b [d] (= (secret-d) 't')"
        ],
        "grapevine_maxd3_00069": [
            ":epistemic + b [c] + b [d] (= (secret-a) 't')"
        ],
        "grapevine_maxd3_00274": [
            ":epistemic - b [d] $ b [b] (= (secret-c) 't')"
        ],
        "grapevine_maxd3_00001": [
            ":epistemic $ b [b] (= (secret-a) 't')"
        ],
        "grapevine_maxd3_00058": [
            ":epistemic - b [b] $ b [c] (= (secret-a) 't')"
        ],
        "grapevine_maxd3_00012": [
            ":epistemic + b [c] (= (secret-b) 't')"
        ],
        "grapevine_maxd3_00094": [
            ":epistemic + b [d] $ b [b] (= (secret-a) 't')"
        ],
        "grapevine_maxd3_00229": [
            ":epistemic + b [b] $ b [c] (= (secret-c) 't')"
        ],
        "grapevine_maxd3_00196": [
            ":epistemic - b [d] $ b [c] (= (secret-b) 't')"
        ],
        "grapevine_maxd3_00090": [
            ":epistemic + b [d] + b [a] (= (secret-a) 't')"
        ],
        "grapevine_maxd3_00092": [
            ":epistemic + b [d] - b [a] (= (secret-a) 't')"
        ],
        "grapevine_maxd3_00259": [
            ":epistemic + b [d] $ b [c] (= (secret-c) 't')"
        ],
        "grapevine_maxd3_00110": [
            ":epistemic - b [d] - b [a] (= (secret-a) 't')"
        ],
        "grapevine_maxd3_00087": [
            ":epistemic - b [c] + b [d] (= (secret-a) 't')"
        ],
        "grapevine_maxd3_00277": [
            ":epistemic - b [d] $ b [c] (= (secret-c) 't')"
        ],
        "grapevine_maxd3_00198": [
            ":epistemic + b [a] + b [b] (= (secret-c) 't')"
        ],
        "grapevine_maxd3_00313": [
            ":epistemic + b [b] $ b [d] (= (secret-d) 't')"
        ],
        "grapevine_maxd3_00026": [
            ":epistemic - b [d] (= (secret-c) 't')"
        ],
        "grapevine_maxd3_00081": [
            ":epistemic - b [c] + b [a] (= (secret-a) 't')"
        ],
        "grapevine_maxd3_00002": [
            ":epistemic - b [b] (= (secret-a) 't')"
        ],
        "grapevine_maxd3_00089": [
            ":epistemic - b [c] - b [d] (= (secret-a) 't')"
        ],
        "grapevine_maxd3_00034": [
            ":epistemic $ b [c] (= (secret-d) 't')"
        ],
        "grapevine_maxd3_00137": [
            ":epistemic - b [a] - b [b] (= (secret-b) 't')"
        ],
        "grapevine_maxd3_00332": [
            ":epistemic - b [b] - b [d] (= (secret-d) 't')"
        ],
        "grapevine_maxd3_00020": [
            ":epistemic - b [a] (= (secret-c) 't')"
        ],
        "grapevine_maxd3_00021": [
            ":epistemic + b [b] (= (secret-c) 't')"
        ],
        "grapevine_maxd3_00008": [
            ":epistemic - b [d] (= (secret-a) 't')"
        ],
        "grapevine_maxd3_00041": [
            ":epistemic + b [b] - b [c] (= (secret-a) 't')"
        ],
        "grapevine_maxd3_00245": [
            ":epistemic - b [b] - b [a] (= (secret-c) 't')"
        ],
        "grapevine_maxd3_00286": [
            ":epistemic + b [a] $ b [d] (= (secret-d) 't')"
        ],
        "grapevine_maxd3_00358": [
            ":epistemic - b [c] $ b [d] (= (secret-d) 't')"
        ],
        "grapevine_maxd3_00015": [
            ":epistemic + b [d] (= (secret-b) 't')"
        ],
        "grapevine_maxd3_00121": [
            ":epistemic + b [a] $ b [c] (= (secret-b) 't')"
        ],
        "grapevine_maxd3_00166": [
            ":epistemic - b [c] $ b [b] (= (secret-b) 't')"
        ],
        "grapevine_maxd3_00016": [
            ":epistemic $ b [d] (= (secret-b) 't')"
        ],
        "grapevine_maxd3_00200": [
            ":epistemic + b [a] - b [b] (= (secret-c) 't')"
        ],
        "grapevine_maxd3_00056": [
            ":epistemic - b [b] - b [a] (= (secret-a) 't')"
        ],
        "grapevine_maxd3_00059": [
            ":epistemic - b [b] - b [c] (= (secret-a) 't')"
        ],
        "grapevine_maxd3_00083": [
            ":epistemic - b [c] - b [a] (= (secret-a) 't')"
        ],
        "grapevine_maxd3_00025": [
            ":epistemic $ b [d] (= (secret-c) 't')"
        ],
        "grapevine_maxd3_00123": [
            ":epistemic + b [a] + b [d] (= (secret-b) 't')"
        ],
        "grapevine_maxd3_00163": [
            ":epistemic - b [c] $ b [a] (= (secret-b) 't')"
        ],
        "grapevine_maxd3_00270": [
            ":epistemic - b [d] + b [a] (= (secret-c) 't')"
        ],
        "grapevine_maxd3_00070": [
            ":epistemic + b [c] $ b [d] (= (secret-a) 't')"
        ],
        "grapevine_maxd3_00341": [
            ":epistemic + b [c] - b [d] (= (secret-d) 't')"
        ],
        "grapevine_maxd3_00032": [
            ":epistemic - b [b] (= (secret-d) 't')"
        ],
        "grapevine_maxd3_00304": [
            ":epistemic - b [a] $ b [d] (= (secret-d) 't')"
        ],
        "grapevine_maxd3_00226": [
            ":epistemic + b [b] $ b [a] (= (secret-c) 't')"
        ],
        "grapevine_maxd3_00195": [
            ":epistemic - b [d] + b [c] (= (secret-b) 't')"
        ],
        "grapevine_maxd3_00278": [
            ":epistemic - b [d] - b [c] (= (secret-c) 't')"
        ],
        "grapevine_maxd3_00035": [
            ":epistemic - b [c] (= (secret-d) 't')"
        ],
        "grapevine_maxd3_00352": [
            ":epistemic - b [c] $ b [a] (= (secret-d) 't')"
        ],
        "grapevine_maxd3_00085": [
            ":epistemic - b [c] $ b [b] (= (secret-a) 't')"
        ],
        "grapevine_maxd3_00232": [
            ":epistemic + b [b] $ b [d] (= (secret-c) 't')"
        ],
        "grapevine_maxd3_00014": [
            ":epistemic - b [c] (= (secret-b) 't')"
        ],
        "grapevine_maxd3_00000": [
            ":epistemic + b [b] (= (secret-a) 't')"
        ],
        "grapevine_maxd3_00168": [
            ":epistemic - b [c] + b [d] (= (secret-b) 't')"
        ],
        "grapevine_maxd3_00306": [
            ":epistemic + b [b] + b [a] (= (secret-d) 't')"
        ],
        "grapevine_maxd3_00300": [
            ":epistemic - b [a] + b [c] (= (secret-d) 't')"
        ],
        "grapevine_maxd3_00019": [
            ":epistemic $ b [a] (= (secret-c) 't')"
        ],
        "grapevine_maxd3_00139": [
            ":epistemic - b [a] $ b [c] (= (secret-b) 't')"
        ],
        "grapevine_maxd3_00172": [
            ":epistemic + b [d] $ b [a] (= (secret-b) 't')"
        ],
        "grapevine_maxd3_00033": [
            ":epistemic + b [c] (= (secret-d) 't')"
        ],
        "grapevine_maxd3_00221": [
            ":epistemic - b [a] - b [c] (= (secret-c) 't')"
        ],
        "grapevine_maxd3_00146": [
            ":epistemic + b [c] - b [a] (= (secret-b) 't')"
        ],
        "grapevine_maxd3_00007": [
            ":epistemic $ b [d] (= (secret-a) 't')"
        ],
        "grapevine_maxd3_00225": [
            ":epistemic + b [b] + b [a] (= (secret-c) 't')"
        ],
        "grapevine_maxd3_00095": [
            ":epistemic + b [d] - b [b] (= (secret-a) 't')"
        ],
        "grapevine_maxd3_00336": [
            ":epistemic + b [c] + b [b] (= (secret-d) 't')"
        ],
        "grapevine_maxd3_00231": [
            ":epistemic + b [b] + b [d] (= (secret-c) 't')"
        ],
        "grapevine_maxd3_00201": [
            ":epistemic + b [a] + b [c] (= (secret-c) 't')"
        ],
        "grapevine_maxd3_00018": [
            ":epistemic + b [a] (= (secret-c) 't')"
        ],
        "grapevine_maxd3_00178": [
            ":epistemic + b [d] $ b [c] (= (secret-b) 't')"
        ],
        "grapevine_maxd3_00005": [
            ":epistemic - b [c] (= (secret-a) 't')"
        ],
        "grapevine_maxd3_00028": [
            ":epistemic $ b [a] (= (secret-d) 't')"
        ],
        "grapevine_maxd3_00275": [
            ":epistemic - b [d] - b [b] (= (secret-c) 't')"
        ],
        "grapevine_maxd3_00203": [
            ":epistemic + b [a] - b [c] (= (secret-c) 't')"
        ],
        "grapevine_maxd3_00309": [
            ":epistemic + b [b] + b [c] (= (secret-d) 't')"
        ],
        "grapevine_maxd3_00197": [
            ":epistemic - b [d] - b [c] (= (secret-b) 't')"
        ],
        "grapevine_maxd3_00328": [
            ":epistemic - b [b] $ b [c] (= (secret-d) 't')"
        ],
        "grapevine_maxd3_00271": [
            ":epistemic - b [d] $ b [a] (= (secret-c) 't')"
        ],
        "grapevine_maxd3_00355": [
            ":epistemic - b [c] $ b [b] (= (secret-d) 't')"
        ],
        "grapevine_maxd3_00305": [
            ":epistemic - b [a] - b [d] (= (secret-d) 't')"
        ],
        "grapevine_maxd3_00217": [
            ":epistemic - b [a] $ b [b] (= (secret-c) 't')"
        ],
        "grapevine_maxd3_00204": [
            ":epistemic + b [a] + b [d] (= (secret-c) 't')"
        ],
        "grapevine_maxd3_00335": [
            ":epistemic + b [c] - b [a] (= (secret-d) 't')"
        ],
        "grapevine_maxd3_00324": [
            ":epistemic - b [b] + b [a] (= (secret-d) 't')"
        ],
        "grapevine_maxd3_00303": [
            ":epistemic - b [a] + b [d] (= (secret-d) 't')"
        ],
        "grapevine_maxd3_00030": [
            ":epistemic + b [b] (= (secret-d) 't')"
        ],
        "grapevine_maxd3_00220": [
            ":epistemic - b [a] $ b [c] (= (secret-c) 't')"
        ],
        "grapevine_maxd3_00044": [
            ":epistemic + b [b] - b [d] (= (secret-a) 't')"
        ],
        "grapevine_maxd3_00177": [
            ":epistemic + b [d] + b [c] (= (secret-b) 't')"
        ],
        "grapevine_maxd3_00145": [
            ":epistemic + b [c] $ b [a] (= (secret-b) 't')"
        ],
        "grapevine_maxd3_00097": [
            ":epistemic + b [d] $ b [c] (= (secret-a) 't')"
        ],
        "grapevine_maxd3_00192": [
            ":epistemic - b [d] + b [b] (= (secret-b) 't')"
        ],
        "grapevine_maxd3_00351": [
            ":epistemic - b [c] + b [a] (= (secret-d) 't')"
        ],
        "grapevine_maxd3_00228": [
            ":epistemic + b [b] + b [c] (= (secret-c) 't')"
        ],
        "grapevine_maxd3_00003": [
            ":epistemic + b [c] (= (secret-a) 't')"
        ],
        "grapevine_maxd3_00173": [
            ":epistemic + b [d] - b [a] (= (secret-b) 't')"
        ],
        "grapevine_maxd3_00227": [
            ":epistemic + b [b] - b [a] (= (secret-c) 't')"
        ],
        "grapevine_maxd3_00067": [
            ":epistemic + b [c] $ b [b] (= (secret-a) 't')"
        ],
        "grapevine_maxd3_00071": [
            ":epistemic + b [c] - b [d] (= (secret-a) 't')"
        ],
        "grapevine_maxd3_00115": [
            ":epistemic - b [d] $ b [c] (= (secret-a) 't')"
        ],
        "grapevine_maxd3_00331": [
            ":epistemic - b [b] $ b [d] (= (secret-d) 't')"
        ],
        "grapevine_maxd3_00230": [
            ":epistemic + b [b] - b [c] (= (secret-c) 't')"
        ],
        "grapevine_maxd3_00299": [
            ":epistemic - b [a] - b [b] (= (secret-d) 't')"
        ],
        "grapevine_maxd3_00170": [
            ":epistemic - b [c] - b [d] (= (secret-b) 't')"
        ],
        "grapevine_maxd3_00124": [
            ":epistemic + b [a] $ b [d] (= (secret-b) 't')"
        ],
        "grapevine_maxd3_00273": [
            ":epistemic - b [d] + b [b] (= (secret-c) 't')"
        ],
        "grapevine_maxd3_00024": [
            ":epistemic + b [d] (= (secret-c) 't')"
        ],
        "grapevine_maxd3_00082": [
            ":epistemic - b [c] $ b [a] (= (secret-a) 't')"
        ],
        "grapevine_maxd3_00216": [
            ":epistemic - b [a] + b [b] (= (secret-c) 't')"
        ],
        "grapevine_maxd3_00114": [
            ":epistemic - b [d] + b [c] (= (secret-a) 't')"
        ],
        "grapevine_maxd3_00062": [
            ":epistemic - b [b] - b [d] (= (secret-a) 't')"
        ],
        "grapevine_maxd3_00326": [
            ":epistemic - b [b] - b [a] (= (secret-d) 't')"
        ],
        "grapevine_maxd3_00112": [
            ":epistemic - b [d] $ b [b] (= (secret-a) 't')"
        ],
        "grapevine_maxd3_00164": [
            ":epistemic - b [c] - b [a] (= (secret-b) 't')"
        ],
        "grapevine_maxd3_00308": [
            ":epistemic + b [b] - b [a] (= (secret-d) 't')"
        ],
        "grapevine_maxd3_00307": [
            ":epistemic + b [b] $ b [a] (= (secret-d) 't')"
        ],
        "grapevine_maxd3_00038": [
            ":epistemic + b [b] - b [a] (= (secret-a) 't')"
        ],
        "grapevine_maxd3_00218": [
            ":epistemic - b [a] - b [b] (= (secret-c) 't')"
        ],
        "grapevine_maxd3_00027": [
            ":epistemic + b [a] (= (secret-d) 't')"
        ],
        "grapevine_maxd3_00004": [
            ":epistemic $ b [c] (= (secret-a) 't')"
        ],
        "grapevine_maxd3_00302": [
            ":epistemic - b [a] - b [c] (= (secret-d) 't')"
        ],
        "grapevine_maxd3_00096": [
            ":epistemic + b [d] + b [c] (= (secret-a) 't')"
        ],
        "grapevine_maxd3_00282": [
            ":epistemic + b [a] + b [c] (= (secret-d) 't')"
        ],
        "grapevine_maxd3_00010": [
            ":epistemic $ b [a] (= (secret-b) 't')"
        ],
        "grapevine_maxd3_00165": [
            ":epistemic - b [c] + b [b] (= (secret-b) 't')"
        ],
        "grapevine_maxd3_00334": [
            ":epistemic + b [c] $ b [a] (= (secret-d) 't')"
        ],
        "grapevine_maxd3_00116": [
            ":epistemic - b [d] - b [c] (= (secret-a) 't')"
        ],
        "grapevine_maxd3_00190": [
            ":epistemic - b [d] $ b [a] (= (secret-b) 't')"
        ],
        "grapevine_maxd3_00279": [
            ":epistemic + b [a] + b [b] (= (secret-d) 't')"
        ],
        "grapevine_maxd3_00285": [
            ":epistemic + b [a] + b [d] (= (secret-d) 't')"
        ],
        "grapevine_maxd3_00039": [
            ":epistemic + b [b] + b [c] (= (secret-a) 't')"
        ],
        "grapevine_maxd3_00150": [
            ":epistemic + b [c] + b [d] (= (secret-b) 't')"
        ],
        "grapevine_maxd3_00086": [
            ":epistemic - b [c] - b [b] (= (secret-a) 't')"
        ],
        "grapevine_maxd3_00357": [
            ":epistemic - b [c] + b [d] (= (secret-d) 't')"
        ],
        "grapevine_maxd3_00249": [
            ":epistemic - b [b] + b [d] (= (secret-c) 't')"
        ],
        "grapevine_maxd3_00109": [
            ":epistemic - b [d] $ b [a] (= (secret-a) 't')"
        ],
        "grapevine_maxd3_00311": [
            ":epistemic + b [b] - b [c] (= (secret-d) 't')"
        ],
        "grapevine_maxd3_00312": [
            ":epistemic + b [b] + b [d] (= (secret-d) 't')"
        ],
        "grapevine_maxd3_00066": [
            ":epistemic + b [c] + b [b] (= (secret-a) 't')"
        ],
        "grapevine_maxd3_00060": [
            ":epistemic - b [b] + b [d] (= (secret-a) 't')"
        ],
        "grapevine_maxd3_00143": [
            ":epistemic - b [a] - b [d] (= (secret-b) 't')"
        ],
        "grapevine_maxd3_00205": [
            ":epistemic + b [a] $ b [d] (= (secret-c) 't')"
        ],
        "grapevine_maxd3_00120": [
            ":epistemic + b [a] + b [c] (= (secret-b) 't')"
        ],
        "grapevine_maxd3_00297": [
            ":epistemic - b [a] + b [b] (= (secret-d) 't')"
        ],
        "grapevine_maxd3_00253": [
            ":epistemic + b [d] $ b [a] (= (secret-c) 't')"
        ],
        "grapevine_maxd3_00152": [
            ":epistemic + b [c] - b [d] (= (secret-b) 't')"
        ],
        "grapevine_maxd3_00301": [
            ":epistemic - b [a] $ b [c] (= (secret-d) 't')"
        ],
        "grapevine_maxd3_00191": [
            ":epistemic - b [d] - b [a] (= (secret-b) 't')"
        ],
        "grapevine_maxd3_00248": [
            ":epistemic - b [b] - b [c] (= (secret-c) 't')"
        ],
        "grapevine_maxd3_00314": [
            ":epistemic + b [b] - b [d] (= (secret-d) 't')"
        ],
        "grapevine_maxd3_00223": [
            ":epistemic - b [a] $ b [d] (= (secret-c) 't')"
        ],
        "grapevine_maxd3_00206": [
            ":epistemic + b [a] - b [d] (= (secret-c) 't')"
        ],
        "grapevine_maxd3_00098": [
            ":epistemic + b [d] - b [c] (= (secret-a) 't')"
        ],
        "grapevine_maxd3_00093": [
            ":epistemic + b [d] + b [b] (= (secret-a) 't')"
        ],
        "grapevine_maxd3_00064": [
            ":epistemic + b [c] $ b [a] (= (secret-a) 't')"
        ],
        "grapevine_maxd3_00149": [
            ":epistemic + b [c] - b [b] (= (secret-b) 't')"
        ],
        "grapevine_maxd3_00353": [
            ":epistemic - b [c] - b [a] (= (secret-d) 't')"
        ],
        "grapevine_maxd3_00111": [
            ":epistemic - b [d] + b [b] (= (secret-a) 't')"
        ],
        "grapevine_maxd3_00175": [
            ":epistemic + b [d] $ b [b] (= (secret-b) 't')"
        ],
        "grapevine_maxd3_00036": [
            ":epistemic + b [b] + b [a] (= (secret-a) 't')"
        ],
        "grapevine_maxd3_00276": [
            ":epistemic - b [d] + b [c] (= (secret-c) 't')"
        ],
        "grapevine_maxd3_00162": [
            ":epistemic - b [c] + b [a] (= (secret-b) 't')"
        ],
        "grapevine_maxd3_00136": [
            ":epistemic - b [a] $ b [b] (= (secret-b) 't')"
        ],
        "grapevine_maxd3_00337": [
            ":epistemic + b [c] $ b [b] (= (secret-d) 't')"
        ],
        "grapevine_maxd3_00006": [
            ":epistemic + b [d] (= (secret-a) 't')"
        ],
        "grapevine_maxd3_00251": [
            ":epistemic - b [b] - b [d] (= (secret-c) 't')"
        ],
        "grapevine_maxd3_00281": [
            ":epistemic + b [a] - b [b] (= (secret-d) 't')"
        ],
        "grapevine_maxd3_00174": [
            ":epistemic + b [d] + b [b] (= (secret-b) 't')"
        ],
        "grapevine_maxd3_00017": [
            ":epistemic - b [d] (= (secret-b) 't')"
        ],
        "grapevine_maxd3_00256": [
            ":epistemic + b [d] $ b [b] (= (secret-c) 't')"
        ],
        "grapevine_maxd3_00257": [
            ":epistemic + b [d] - b [b] (= (secret-c) 't')"
        ],
        "grapevine_maxd3_00199": [
            ":epistemic + b [a] $ b [b] (= (secret-c) 't')"
        ],
        "grapevine_maxd3_00009": [
            ":epistemic + b [a] (= (secret-b) 't')"
        ],
        "grapevine_maxd3_00333": [
            ":epistemic + b [c] + b [a] (= (secret-d) 't')"
        ],
        "grapevine_maxd3_00310": [
            ":epistemic + b [b] $ b [c] (= (secret-d) 't')"
        ],
        "grapevine_maxd3_00250": [
            ":epistemic - b [b] $ b [d] (= (secret-c) 't')"
        ],
        "grapevine_maxd3_00122": [
            ":epistemic + b [a] - b [c] (= (secret-b) 't')"
        ],
        "grapevine_maxd3_00243": [
            ":epistemic - b [b] + b [a] (= (secret-c) 't')"
        ],
        "grapevine_maxd3_00194": [
            ":epistemic - b [d] - b [b] (= (secret-b) 't')"
        ],
        "grapevine_maxd3_00144": [
            ":epistemic + b [c] + b [a] (= (secret-b) 't')"
        ],
        "grapevine_maxd3_00065": [
            ":epistemic + b [c] - b [a] (= (secret-a) 't')"
        ],
        "grapevine_maxd3_00040": [
            ":epistemic + b [b] $ b [c] (= (secret-a) 't')"
        ],
        "grapevine_maxd3_00142": [
            ":epistemic - b [a] $ b [d] (= (secret-b) 't')"
        ],
        "grapevine_maxd3_00043": [
            ":epistemic + b [b] $ b [d] (= (secret-a) 't')"
        ],
        "grapevine_maxd3_00244": [
            ":epistemic - b [b] $ b [a] (= (secret-c) 't')"
        ],
        "grapevine_maxd3_00329": [
            ":epistemic - b [b] - b [c] (= (secret-d) 't')"
        ],
        "grapevine_maxd3_00113": [
            ":epistemic - b [d] - b [b] (= (secret-a) 't')"
        ],
        "grapevine_maxd3_00179": [
            ":epistemic + b [d] - b [c] (= (secret-b) 't')"
        ],
        "grapevine_maxd3_00272": [
            ":epistemic - b [d] - b [a] (= (secret-c) 't')"
        ],
        "grapevine_maxd3_00219": [
            ":epistemic - b [a] + b [c] (= (secret-c) 't')"
        ],
        "grapevine_maxd3_00330": [
            ":epistemic - b [b] + b [d] (= (secret-d) 't')"
        ],
        "grapevine_maxd3_00202": [
            ":epistemic + b [a] $ b [c] (= (secret-c) 't')"
        ]
    },
    "unsolvable": {
        "grapevine_maxd3_00317": [
            ":epistemic $ b [b] - b [a] (= (secret-d) 't')"
        ],
        "grapevine_maxd3_00128": [
            ":epistemic $ b [a] - b [b] (= (secret-b) 't')"
        ],
        "grapevine_maxd3_00213": [
            ":epistemic $ b [a] + b [d] (= (secret-c) 't')"
        ],
        "grapevine_maxd3_00240": [
            ":epistemic $ b [b] + b [d] (= (secret-c) 't')"
        ],
        "grapevine_maxd3_00100": [
            ":epistemic $ b [d] $ b [a] (= (secret-a) 't')"
        ],
        "grapevine_maxd3_00342": [
            ":epistemic $ b [c] + b [a] (= (secret-d) 't')"
        ],
        "grapevine_maxd3_00261": [
            ":epistemic $ b [d] + b [a] (= (secret-c) 't')"
        ],
        "grapevine_maxd3_00183": [
            ":epistemic $ b [d] + b [b] (= (secret-b) 't')"
        ],
        "grapevine_maxd3_00348": [
            ":epistemic $ b [c] + b [d] (= (secret-d) 't')"
        ],
        "grapevine_maxd3_00130": [
            ":epistemic $ b [a] $ b [c] (= (secret-b) 't')"
        ],
        "grapevine_maxd3_00048": [
            ":epistemic $ b [b] + b [c] (= (secret-a) 't')"
        ],
        "grapevine_maxd3_00181": [
            ":epistemic $ b [d] $ b [a] (= (secret-b) 't')"
        ],
        "grapevine_maxd3_00158": [
            ":epistemic $ b [c] - b [b] (= (secret-b) 't')"
        ],
        "grapevine_maxd3_00159": [
            ":epistemic $ b [c] + b [d] (= (secret-b) 't')"
        ],
        "grapevine_maxd3_00237": [
            ":epistemic $ b [b] + b [c] (= (secret-c) 't')"
        ],
        "grapevine_maxd3_00214": [
            ":epistemic $ b [a] $ b [d] (= (secret-c) 't')"
        ],
        "grapevine_maxd3_00234": [
            ":epistemic $ b [b] + b [a] (= (secret-c) 't')"
        ],
        "grapevine_maxd3_00269": [
            ":epistemic $ b [d] - b [c] (= (secret-c) 't')"
        ],
        "grapevine_maxd3_00343": [
            ":epistemic $ b [c] $ b [a] (= (secret-d) 't')"
        ],
        "grapevine_maxd3_00104": [
            ":epistemic $ b [d] - b [b] (= (secret-a) 't')"
        ],
        "grapevine_maxd3_00180": [
            ":epistemic $ b [d] + b [a] (= (secret-b) 't')"
        ],
        "grapevine_maxd3_00236": [
            ":epistemic $ b [b] - b [a] (= (secret-c) 't')"
        ],
        "grapevine_maxd3_00345": [
            ":epistemic $ b [c] + b [b] (= (secret-d) 't')"
        ],
        "grapevine_maxd3_00242": [
            ":epistemic $ b [b] - b [d] (= (secret-c) 't')"
        ],
        "grapevine_maxd3_00268": [
            ":epistemic $ b [d] $ b [c] (= (secret-c) 't')"
        ],
        "grapevine_maxd3_00127": [
            ":epistemic $ b [a] $ b [b] (= (secret-b) 't')"
        ],
        "grapevine_maxd3_00241": [
            ":epistemic $ b [b] $ b [d] (= (secret-c) 't')"
        ],
        "grapevine_maxd3_00079": [
            ":epistemic $ b [c] $ b [d] (= (secret-a) 't')"
        ],
        "grapevine_maxd3_00262": [
            ":epistemic $ b [d] $ b [a] (= (secret-c) 't')"
        ],
        "grapevine_maxd3_00076": [
            ":epistemic $ b [c] $ b [b] (= (secret-a) 't')"
        ],
        "grapevine_maxd3_00052": [
            ":epistemic $ b [b] $ b [d] (= (secret-a) 't')"
        ],
        "grapevine_maxd3_00080": [
            ":epistemic $ b [c] - b [d] (= (secret-a) 't')"
        ],
        "grapevine_maxd3_00208": [
            ":epistemic $ b [a] $ b [b] (= (secret-c) 't')"
        ],
        "grapevine_maxd3_00074": [
            ":epistemic $ b [c] - b [a] (= (secret-a) 't')"
        ],
        "grapevine_maxd3_00099": [
            ":epistemic $ b [d] + b [a] (= (secret-a) 't')"
        ],
        "grapevine_maxd3_00289": [
            ":epistemic $ b [a] $ b [b] (= (secret-d) 't')"
        ],
        "grapevine_maxd3_00295": [
            ":epistemic $ b [a] $ b [d] (= (secret-d) 't')"
        ],
        "grapevine_maxd3_00207": [
            ":epistemic $ b [a] + b [b] (= (secret-c) 't')"
        ],
        "grapevine_maxd3_00078": [
            ":epistemic $ b [c] + b [d] (= (secret-a) 't')"
        ],
        "grapevine_maxd3_00182": [
            ":epistemic $ b [d] - b [a] (= (secret-b) 't')"
        ],
        "grapevine_maxd3_00215": [
            ":epistemic $ b [a] - b [d] (= (secret-c) 't')"
        ],
        "grapevine_maxd3_00107": [
            ":epistemic $ b [d] - b [c] (= (secret-a) 't')"
        ],
        "grapevine_maxd3_00318": [
            ":epistemic $ b [b] + b [c] (= (secret-d) 't')"
        ],
        "grapevine_maxd3_00134": [
            ":epistemic $ b [a] - b [d] (= (secret-b) 't')"
        ],
        "grapevine_maxd3_00315": [
            ":epistemic $ b [b] + b [a] (= (secret-d) 't')"
        ],
        "grapevine_maxd3_00266": [
            ":epistemic $ b [d] - b [b] (= (secret-c) 't')"
        ],
        "grapevine_maxd3_00346": [
            ":epistemic $ b [c] $ b [b] (= (secret-d) 't')"
        ],
        "grapevine_maxd3_00051": [
            ":epistemic $ b [b] + b [d] (= (secret-a) 't')"
        ],
        "grapevine_maxd3_00049": [
            ":epistemic $ b [b] $ b [c] (= (secret-a) 't')"
        ],
        "grapevine_maxd3_00153": [
            ":epistemic $ b [c] + b [a] (= (secret-b) 't')"
        ],
        "grapevine_maxd3_00322": [
            ":epistemic $ b [b] $ b [d] (= (secret-d) 't')"
        ],
        "grapevine_maxd3_00161": [
            ":epistemic $ b [c] - b [d] (= (secret-b) 't')"
        ],
        "grapevine_maxd3_00045": [
            ":epistemic $ b [b] + b [a] (= (secret-a) 't')"
        ],
        "grapevine_maxd3_00210": [
            ":epistemic $ b [a] + b [c] (= (secret-c) 't')"
        ],
        "grapevine_maxd3_00294": [
            ":epistemic $ b [a] + b [d] (= (secret-d) 't')"
        ],
        "grapevine_maxd3_00263": [
            ":epistemic $ b [d] - b [a] (= (secret-c) 't')"
        ],
        "grapevine_maxd3_00320": [
            ":epistemic $ b [b] - b [c] (= (secret-d) 't')"
        ],
        "grapevine_maxd3_00319": [
            ":epistemic $ b [b] $ b [c] (= (secret-d) 't')"
        ],
        "grapevine_maxd3_00288": [
            ":epistemic $ b [a] + b [b] (= (secret-d) 't')"
        ],
        "grapevine_maxd3_00323": [
            ":epistemic $ b [b] - b [d] (= (secret-d) 't')"
        ],
        "grapevine_maxd3_00316": [
            ":epistemic $ b [b] $ b [a] (= (secret-d) 't')"
        ],
        "grapevine_maxd3_00293": [
            ":epistemic $ b [a] - b [c] (= (secret-d) 't')"
        ],
        "grapevine_maxd3_00349": [
            ":epistemic $ b [c] $ b [d] (= (secret-d) 't')"
        ],
        "grapevine_maxd3_00075": [
            ":epistemic $ b [c] + b [b] (= (secret-a) 't')"
        ],
        "grapevine_maxd3_00047": [
            ":epistemic $ b [b] - b [a] (= (secret-a) 't')"
        ],
        "grapevine_maxd3_00053": [
            ":epistemic $ b [b] - b [d] (= (secret-a) 't')"
        ],
        "grapevine_maxd3_00184": [
            ":epistemic $ b [d] $ b [b] (= (secret-b) 't')"
        ],
        "grapevine_maxd3_00186": [
            ":epistemic $ b [d] + b [c] (= (secret-b) 't')"
        ],
        "grapevine_maxd3_00126": [
            ":epistemic $ b [a] + b [b] (= (secret-b) 't')"
        ],
        "grapevine_maxd3_00050": [
            ":epistemic $ b [b] - b [c] (= (secret-a) 't')"
        ],
        "grapevine_maxd3_00187": [
            ":epistemic $ b [d] $ b [c] (= (secret-b) 't')"
        ],
        "grapevine_maxd3_00185": [
            ":epistemic $ b [d] - b [b] (= (secret-b) 't')"
        ],
        "grapevine_maxd3_00155": [
            ":epistemic $ b [c] - b [a] (= (secret-b) 't')"
        ],
        "grapevine_maxd3_00046": [
            ":epistemic $ b [b] $ b [a] (= (secret-a) 't')"
        ],
        "grapevine_maxd3_00154": [
            ":epistemic $ b [c] $ b [a] (= (secret-b) 't')"
        ],
        "grapevine_maxd3_00235": [
            ":epistemic $ b [b] $ b [a] (= (secret-c) 't')"
        ],
        "grapevine_maxd3_00350": [
            ":epistemic $ b [c] - b [d] (= (secret-d) 't')"
        ],
        "grapevine_maxd3_00133": [
            ":epistemic $ b [a] $ b [d] (= (secret-b) 't')"
        ],
        "grapevine_maxd3_00131": [
            ":epistemic $ b [a] - b [c] (= (secret-b) 't')"
        ],
        "grapevine_maxd3_00188": [
            ":epistemic $ b [d] - b [c] (= (secret-b) 't')"
        ],
        "grapevine_maxd3_00132": [
            ":epistemic $ b [a] + b [d] (= (secret-b) 't')"
        ],
        "grapevine_maxd3_00129": [
            ":epistemic $ b [a] + b [c] (= (secret-b) 't')"
        ],
        "grapevine_maxd3_00344": [
            ":epistemic $ b [c] - b [a] (= (secret-d) 't')"
        ],
        "grapevine_maxd3_00321": [
            ":epistemic $ b [b] + b [d] (= (secret-d) 't')"
        ],
        "grapevine_maxd3_00101": [
            ":epistemic $ b [d] - b [a] (= (secret-a) 't')"
        ],
        "grapevine_maxd3_00212": [
            ":epistemic $ b [a] - b [c] (= (secret-c) 't')"
        ],
        "grapevine_maxd3_00106": [
            ":epistemic $ b [d] $ b [c] (= (secret-a) 't')"
        ],
        "grapevine_maxd3_00077": [
            ":epistemic $ b [c] - b [b] (= (secret-a) 't')"
        ],
        "grapevine_maxd3_00238": [
            ":epistemic $ b [b] $ b [c] (= (secret-c) 't')"
        ],
        "grapevine_maxd3_00156": [
            ":epistemic $ b [c] + b [b] (= (secret-b) 't')"
        ],
        "grapevine_maxd3_00209": [
            ":epistemic $ b [a] - b [b] (= (secret-c) 't')"
        ],
        "grapevine_maxd3_00211": [
            ":epistemic $ b [a] $ b [c] (= (secret-c) 't')"
        ],
        "grapevine_maxd3_00292": [
            ":epistemic $ b [a] $ b [c] (= (secret-d) 't')"
        ],
        "grapevine_maxd3_00264": [
            ":epistemic $ b [d] + b [b] (= (secret-c) 't')"
        ],
        "grapevine_maxd3_00267": [
            ":epistemic $ b [d] + b [c] (= (secret-c) 't')"
        ],
        "grapevine_maxd3_00160": [
            ":epistemic $ b [c] $ b [d] (= (secret-b) 't')"
        ],
        "grapevine_maxd3_00103": [
            ":epistemic $ b [d] $ b [b] (= (secret-a) 't')"
        ],
        "grapevine_maxd3_00291": [
            ":epistemic $ b [a] + b [c] (= (secret-d) 't')"
        ],
        "grapevine_maxd3_00157": [
            ":epistemic $ b [c] $ b [b] (= (secret-b) 't')"
        ],
        "grapevine_maxd3_00072": [
            ":epistemic $ b [c] + b [a] (= (secret-a) 't')"
        ],
        "grapevine_maxd3_00290": [
            ":epistemic $ b [a] - b [b] (= (secret-d) 't')"
        ],
        "grapevine_maxd3_00102": [
            ":epistemic $ b [d] + b [b] (= (secret-a) 't')"
        ],
        "grapevine_maxd3_00073": [
            ":epistemic $ b [c] $ b [a] (= (secret-a) 't')"
        ],
        "grapevine_maxd3_00347": [
            ":epistemic $ b [c] - b [b] (= (secret-d) 't')"
        ],
        "grapevine_maxd3_00239": [
            ":epistemic $ b [b] - b [c] (= (secret-c) 't')"
        ],
        "grapevine_maxd3_00296": [
            ":epistemic $ b [a] - b [d] (= (secret-d) 't')"
        ],
        "grapevine_maxd3_00265": [
            ":epistemic $ b [d] $ b [b] (= (secret-c) 't')"
        ],
        "grapevine_maxd3_00105": [
            ":epistemic $ b [d] + b [c] (= (secret-a) 't')"
        ]
    }
}