{"solvable": {"sn_maxd3_00922": [":epistemic + b [d] - b [c] $ b [a] (= (secret-p1) 't')"], "sn_maxd3_00587": [":epistemic - b [b] + b [d] - b [c] (= (secret-p1) 't')"], "sn_maxd3_00386": [":epistemic + b [b] - b [a] - b [c] (= (secret-p1) 't')"], "sn_maxd3_00770": [":epistemic - b [c] + b [a] - b [b] (= (secret-p1) 't')"], "sn_maxd3_00798": [":epistemic - b [c] + b [b] + b [c] (= (secret-p1) 't')"], "sn_maxd3_00927": [":epistemic + b [d] - b [c] + b [d] (= (secret-p1) 't')"], "sn_maxd3_01078": [":epistemic - b [d] $ b [c] $ b [b] (= (secret-p1) 't')"], "sn_maxd3_00903": [":epistemic + b [d] + b [c] + b [a] (= (secret-p1) 't')"], "sn_maxd3_01015": [":epistemic - b [d] + b [a] $ b [c] (= (secret-p1) 't')"], "sn_maxd3_00681": [":epistemic + b [c] - b [d] + b [b] (= (secret-p1) 't')"], "sn_maxd3_00297": [":epistemic - b [a] $ b [b] + b [d] (= (secret-p1) 't')"], "sn_maxd3_00192": [":epistemic + b [a] - b [d] + b [a] (= (secret-p1) 't')"], "sn_maxd3_00563": [":epistemic - b [b] $ b [c] - b [a] (= (secret-p1) 't')"], "sn_maxd3_00612": [":epistemic + b [c] + b [a] + b [d] (= (secret-p1) 't')"], "sn_maxd3_00035": [":epistemic - b [a] - b [c] (= (secret-p1) 't')"], "sn_maxd3_00093": [":epistemic + b [d] + b [a] (= (secret-p1) 't')"], "sn_maxd3_00173": [":epistemic + b [a] - b [c] - b [d] (= (secret-p1) 't')"], "sn_maxd3_00812": [":epistemic - b [c] $ b [b] - b [d] (= (secret-p1) 't')"], "sn_maxd3_00626": [":epistemic + b [c] - b [a] - b [b] (= (secret-p1) 't')"], "sn_maxd3_00167": [":epistemic + b [a] - b [c] - b [a] (= (secret-p1) 't')"], "sn_maxd3_01049": [":epistemic - b [d] $ b [b] - b [a] (= (secret-p1) 't')"], "sn_maxd3_00810": [":epistemic - b [c] $ b [b] + b [d] (= (secret-p1) 't')"], "sn_maxd3_00032": [":epistemic - b [a] - b [b] (= (secret-p1) 't')"], "sn_maxd3_00001": [":epistemic $ b [a] (= (secret-p1) 't')"], "sn_maxd3_00631": [":epistemic + b [c] - b [a] $ b [d] (= (secret-p1) 't')"], "sn_maxd3_00097": [":epistemic + b [d] $ b [b] (= (secret-p1) 't')"], "sn_maxd3_00536": [":epistemic - b [b] $ b [a] - b [b] (= (secret-p1) 't')"], "sn_maxd3_00929": [":epistemic + b [d] - b [c] - b [d] (= (secret-p1) 't')"], "sn_maxd3_00067": [":epistemic + b [c] $ b [a] (= (secret-p1) 't')"], "sn_maxd3_00416": [":epistemic + b [b] - b [c] - b [d] (= (secret-p1) 't')"], "sn_maxd3_00582": [":epistemic - b [b] + b [d] + b [b] (= (secret-p1) 't')"], "sn_maxd3_00804": [":epistemic - b [c] $ b [b] + b [a] (= (secret-p1) 't')"], "sn_maxd3_00033": [":epistemic - b [a] + b [c] (= (secret-p1) 't')"], "sn_maxd3_00526": [":epistemic - b [b] + b [a] $ b [b] (= (secret-p1) 't')"], "sn_maxd3_00830": [":epistemic - b [c] + b [d] - b [c] (= (secret-p1) 't')"], "sn_maxd3_00823": [":epistemic - b [c] + b [d] $ b [a] (= (secret-p1) 't')"], "sn_maxd3_00552": [":epistemic - b [b] + b [c] + b [a] (= (secret-p1) 't')"], "sn_maxd3_00778": [":epistemic - b [c] $ b [a] $ b [b] (= (secret-p1) 't')"], "sn_maxd3_01019": [":epistemic - b [d] + b [a] - b [d] (= (secret-p1) 't')"], "sn_maxd3_00538": [":epistemic - b [b] $ b [a] $ b [c] (= (secret-p1) 't')"], "sn_maxd3_00797": [":epistemic - b [c] + b [b] - b [a] (= (secret-p1) 't')"], "sn_maxd3_00801": [":epistemic - b [c] + b [b] + b [d] (= (secret-p1) 't')"], "sn_maxd3_00856": [":epistemic + b [d] + b [a] $ b [d] (= (secret-p1) 't')"], "sn_maxd3_00897": [":epistemic + b [d] - b [b] + b [c] (= (secret-p1) 't')"], "sn_maxd3_00069": [":epistemic + b [c] + b [b] (= (secret-p1) 't')"], "sn_maxd3_00016": [":epistemic + b [a] $ b [c] (= (secret-p1) 't')"], "sn_maxd3_00334": [":epistemic - b [a] - b [c] $ b [d] (= (secret-p1) 't')"], "sn_maxd3_00594": [":epistemic - b [b] $ b [d] + b [c] (= (secret-p1) 't')"], "sn_maxd3_00073": [":epistemic + b [c] $ b [d] (= (secret-p1) 't')"], "sn_maxd3_01068": [":epistemic - b [d] + b [c] + b [b] (= (secret-p1) 't')"], "sn_maxd3_00036": [":epistemic - b [a] + b [d] (= (secret-p1) 't')"], "sn_maxd3_00350": [":epistemic - b [a] $ b [d] - b [b] (= (secret-p1) 't')"], "sn_maxd3_00042": [":epistemic + b [b] + b [c] (= (secret-p1) 't')"], "sn_maxd3_00337": [":epistemic - b [a] + b [d] $ b [a] (= (secret-p1) 't')"], "sn_maxd3_00820": [":epistemic - b [c] - b [b] $ b [d] (= (secret-p1) 't')"], "sn_maxd3_01079": [":epistemic - b [d] $ b [c] - b [b] (= (secret-p1) 't')"], "sn_maxd3_00899": [":epistemic + b [d] - b [b] - b [c] (= (secret-p1) 't')"], "sn_maxd3_00769": [":epistemic - b [c] + b [a] $ b [b] (= (secret-p1) 't')"], "sn_maxd3_00331": [":epistemic - b [a] - b [c] $ b [b] (= (secret-p1) 't')"], "sn_maxd3_00314": [":epistemic - b [a] + b [c] - b [b] (= (secret-p1) 't')"], "sn_maxd3_00542": [":epistemic - b [b] $ b [a] - b [d] (= (secret-p1) 't')"], "sn_maxd3_00144": [":epistemic + b [a] - b [b] + b [d] (= (secret-p1) 't')"], "sn_maxd3_01082": [":epistemic - b [d] $ b [c] - b [d] (= (secret-p1) 't')"], "sn_maxd3_00284": [":epistemic - b [a] + b [b] - b [a] (= (secret-p1) 't')"], "sn_maxd3_00855": [":epistemic + b [d] + b [a] + b [d] (= (secret-p1) 't')"], "sn_maxd3_00353": [":epistemic - b [a] $ b [d] - b [c] (= (secret-p1) 't')"], "sn_maxd3_01063": [":epistemic - b [d] - b [b] $ b [d] (= (secret-p1) 't')"], "sn_maxd3_01046": [":epistemic - b [d] + b [b] - b [d] (= (secret-p1) 't')"], "sn_maxd3_01047": [":epistemic - b [d] $ b [b] + b [a] (= (secret-p1) 't')"], "sn_maxd3_00138": [":epistemic + b [a] - b [b] + b [a] (= (secret-p1) 't')"], "sn_maxd3_00656": [":epistemic + b [c] - b [b] - b [c] (= (secret-p1) 't')"], "sn_maxd3_00569": [":epistemic - b [b] $ b [c] - b [d] (= (secret-p1) 't')"], "sn_maxd3_00540": [":epistemic - b [b] $ b [a] + b [d] (= (secret-p1) 't')"], "sn_maxd3_00841": [":epistemic - b [c] - b [d] $ b [a] (= (secret-p1) 't')"], "sn_maxd3_00800": [":epistemic - b [c] + b [b] - b [c] (= (secret-p1) 't')"], "sn_maxd3_00354": [":epistemic - b [a] - b [d] + b [a] (= (secret-p1) 't')"], "sn_maxd3_00783": [":epistemic - b [c] $ b [a] + b [d] (= (secret-p1) 't')"], "sn_maxd3_00894": [":epistemic + b [d] - b [b] + b [a] (= (secret-p1) 't')"], "sn_maxd3_00150": [":epistemic + b [a] + b [c] + b [b] (= (secret-p1) 't')"], "sn_maxd3_00683": [":epistemic + b [c] - b [d] - b [b] (= (secret-p1) 't')"], "sn_maxd3_00560": [":epistemic - b [b] + b [c] - b [d] (= (secret-p1) 't')"], "sn_maxd3_00066": [":epistemic + b [c] + b [a] (= (secret-p1) 't')"], "sn_maxd3_00539": [":epistemic - b [b] $ b [a] - b [c] (= (secret-p1) 't')"], "sn_maxd3_00844": [":epistemic - b [c] - b [d] $ b [b] (= (secret-p1) 't')"], "sn_maxd3_00194": [":epistemic + b [a] - b [d] - b [a] (= (secret-p1) 't')"], "sn_maxd3_01044": [":epistemic - b [d] + b [b] + b [d] (= (secret-p1) 't')"], "sn_maxd3_01051": [":epistemic - b [d] $ b [b] $ b [c] (= (secret-p1) 't')"], "sn_maxd3_00303": [":epistemic - b [a] - b [b] + b [c] (= (secret-p1) 't')"], "sn_maxd3_00148": [":epistemic + b [a] + b [c] $ b [a] (= (secret-p1) 't')"], "sn_maxd3_00154": [":epistemic + b [a] + b [c] $ b [d] (= (secret-p1) 't')"], "sn_maxd3_00316": [":epistemic - b [a] + b [c] $ b [d] (= (secret-p1) 't')"], "sn_maxd3_00527": [":epistemic - b [b] + b [a] - b [b] (= (secret-p1) 't')"], "sn_maxd3_00652": [":epistemic + b [c] - b [b] $ b [a] (= (secret-p1) 't')"], "sn_maxd3_00632": [":epistemic + b [c] - b [a] - b [d] (= (secret-p1) 't')"], "sn_maxd3_00287": [":epistemic - b [a] + b [b] - b [c] (= (secret-p1) 't')"], "sn_maxd3_00295": [":epistemic - b [a] $ b [b] $ b [c] (= (secret-p1) 't')"], "sn_maxd3_01083": [":epistemic - b [d] - b [c] + b [a] (= (secret-p1) 't')"], "sn_maxd3_00814": [":epistemic - b [c] - b [b] $ b [a] (= (secret-p1) 't')"], "sn_maxd3_00172": [":epistemic + b [a] - b [c] $ b [d] (= (secret-p1) 't')"], "sn_maxd3_00381": [":epistemic + b [b] - b [a] + b [b] (= (secret-p1) 't')"], "sn_maxd3_00547": [":epistemic - b [b] - b [a] $ b [c] (= (secret-p1) 't')"], "sn_maxd3_00871": [":epistemic + b [d] - b [a] $ b [c] (= (secret-p1) 't')"], "sn_maxd3_00904": [":epistemic + b [d] + b [c] $ b [a] (= (secret-p1) 't')"], "sn_maxd3_00781": [":epistemic - b [c] $ b [a] $ b [c] (= (secret-p1) 't')"], "sn_maxd3_00034": [":epistemic - b [a] $ b [c] (= (secret-p1) 't')"], "sn_maxd3_00896": [":epistemic + b [d] - b [b] - b [a] (= (secret-p1) 't')"], "sn_maxd3_00869": [":epistemic + b [d] - b [a] - b [b] (= (secret-p1) 't')"], "sn_maxd3_00333": [":epistemic - b [a] - b [c] + b [d] (= (secret-p1) 't')"], "sn_maxd3_00117": [":epistemic - b [d] + b [c] (= (secret-p1) 't')"], "sn_maxd3_00678": [":epistemic + b [c] - b [d] + b [a] (= (secret-p1) 't')"], "sn_maxd3_00625": [":epistemic + b [c] - b [a] $ b [b] (= (secret-p1) 't')"], "sn_maxd3_00091": [":epistemic - b [c] $ b [d] (= (secret-p1) 't')"], "sn_maxd3_00282": [":epistemic - b [a] + b [b] + b [a] (= (secret-p1) 't')"], "sn_maxd3_01014": [":epistemic - b [d] + b [a] + b [c] (= (secret-p1) 't')"], "sn_maxd3_00313": [":epistemic - b [a] + b [c] $ b [b] (= (secret-p1) 't')"], "sn_maxd3_01041": [":epistemic - b [d] + b [b] + b [c] (= (secret-p1) 't')"], "sn_maxd3_01025": [":epistemic - b [d] $ b [a] - b [c] (= (secret-p1) 't')"], "sn_maxd3_00773": [":epistemic - b [c] + b [a] - b [c] (= (secret-p1) 't')"], "sn_maxd3_00090": [":epistemic - b [c] + b [d] (= (secret-p1) 't')"], "sn_maxd3_00193": [":epistemic + b [a] - b [d] $ b [a] (= (secret-p1) 't')"], "sn_maxd3_00012": [":epistemic + b [a] + b [b] (= (secret-p1) 't')"], "sn_maxd3_00111": [":epistemic - b [d] + b [a] (= (secret-p1) 't')"], "sn_maxd3_01081": [":epistemic - b [d] $ b [c] $ b [d] (= (secret-p1) 't')"], "sn_maxd3_00529": [":epistemic - b [b] + b [a] $ b [c] (= (secret-p1) 't')"], "sn_maxd3_00435": [":epistemic + b [b] - b [d] + b [a] (= (secret-p1) 't')"], "sn_maxd3_00046": [":epistemic + b [b] $ b [d] (= (secret-p1) 't')"], "sn_maxd3_00592": [":epistemic - b [b] $ b [d] $ b [b] (= (secret-p1) 't')"], "sn_maxd3_00037": [":epistemic - b [a] $ b [d] (= (secret-p1) 't')"], "sn_maxd3_00591": [":epistemic - b [b] $ b [d] + b [b] (= (secret-p1) 't')"], "sn_maxd3_00323": [":epistemic - b [a] $ b [c] - b [b] (= (secret-p1) 't')"], "sn_maxd3_01057": [":epistemic - b [d] - b [b] $ b [a] (= (secret-p1) 't')"], "sn_maxd3_00554": [":epistemic - b [b] + b [c] - b [a] (= (secret-p1) 't')"], "sn_maxd3_00291": [":epistemic - b [a] $ b [b] + b [a] (= (secret-p1) 't')"], "sn_maxd3_00351": [":epistemic - b [a] $ b [d] + b [c] (= (secret-p1) 't')"], "sn_maxd3_00385": [":epistemic + b [b] - b [a] $ b [c] (= (secret-p1) 't')"], "sn_maxd3_00312": [":epistemic - b [a] + b [c] + b [b] (= (secret-p1) 't')"], "sn_maxd3_00613": [":epistemic + b [c] + b [a] $ b [d] (= (secret-p1) 't')"], "sn_maxd3_00685": [":epistemic + b [c] - b [d] $ b [c] (= (secret-p1) 't')"], "sn_maxd3_01027": [":epistemic - b [d] $ b [a] $ b [d] (= (secret-p1) 't')"], "sn_maxd3_00411": [":epistemic + b [b] - b [c] + b [b] (= (secret-p1) 't')"], "sn_maxd3_00343": [":epistemic - b [a] + b [d] $ b [c] (= (secret-p1) 't')"], "sn_maxd3_00624": [":epistemic + b [c] - b [a] + b [b] (= (secret-p1) 't')"], "sn_maxd3_00294": [":epistemic - b [a] $ b [b] + b [c] (= (secret-p1) 't')"], "sn_maxd3_01054": [":epistemic - b [d] $ b [b] $ b [d] (= (secret-p1) 't')"], "sn_maxd3_00651": [":epistemic + b [c] - b [b] + b [a] (= (secret-p1) 't')"], "sn_maxd3_00175": [":epistemic + b [a] + b [d] $ b [a] (= (secret-p1) 't')"], "sn_maxd3_01053": [":epistemic - b [d] $ b [b] + b [d] (= (secret-p1) 't')"], "sn_maxd3_00768": [":epistemic - b [c] + b [a] + b [b] (= (secret-p1) 't')"], "sn_maxd3_00775": [":epistemic - b [c] + b [a] $ b [d] (= (secret-p1) 't')"], "sn_maxd3_00573": [":epistemic - b [b] - b [c] + b [b] (= (secret-p1) 't')"], "sn_maxd3_00040": [":epistemic + b [b] $ b [a] (= (secret-p1) 't')"], "sn_maxd3_00342": [":epistemic - b [a] + b [d] + b [c] (= (secret-p1) 't')"], "sn_maxd3_00561": [":epistemic - b [b] $ b [c] + b [a] (= (secret-p1) 't')"], "sn_maxd3_01023": [":epistemic - b [d] $ b [a] + b [c] (= (secret-p1) 't')"], "sn_maxd3_00910": [":epistemic + b [d] + b [c] $ b [d] (= (secret-p1) 't')"], "sn_maxd3_00579": [":epistemic - b [b] + b [d] + b [a] (= (secret-p1) 't')"], "sn_maxd3_00629": [":epistemic + b [c] - b [a] - b [c] (= (secret-p1) 't')"], "sn_maxd3_00010": [":epistemic $ b [d] (= (secret-p1) 't')"], "sn_maxd3_00085": [":epistemic - b [c] $ b [a] (= (secret-p1) 't')"], "sn_maxd3_00389": [":epistemic + b [b] - b [a] - b [d] (= (secret-p1) 't')"], "sn_maxd3_00298": [":epistemic - b [a] $ b [b] $ b [d] (= (secret-p1) 't')"], "sn_maxd3_00530": [":epistemic - b [b] + b [a] - b [c] (= (secret-p1) 't')"], "sn_maxd3_00799": [":epistemic - b [c] + b [b] $ b [c] (= (secret-p1) 't')"], "sn_maxd3_00852": [":epistemic + b [d] + b [a] + b [c] (= (secret-p1) 't')"], "sn_maxd3_00015": [":epistemic + b [a] + b [c] (= (secret-p1) 't')"], "sn_maxd3_00837": [":epistemic - b [c] $ b [d] + b [c] (= (secret-p1) 't')"], "sn_maxd3_00809": [":epistemic - b [c] $ b [b] - b [c] (= (secret-p1) 't')"], "sn_maxd3_00590": [":epistemic - b [b] $ b [d] - b [a] (= (secret-p1) 't')"], "sn_maxd3_00633": [":epistemic + b [c] + b [b] + b [a] (= (secret-p1) 't')"], "sn_maxd3_00661": [":epistemic + b [c] + b [d] $ b [a] (= (secret-p1) 't')"], "sn_maxd3_00771": [":epistemic - b [c] + b [a] + b [c] (= (secret-p1) 't')"], "sn_maxd3_00293": [":epistemic - b [a] $ b [b] - b [a] (= (secret-p1) 't')"], "sn_maxd3_00847": [":epistemic - b [c] - b [d] $ b [c] (= (secret-p1) 't')"], "sn_maxd3_00352": [":epistemic - b [a] $ b [d] $ b [c] (= (secret-p1) 't')"], "sn_maxd3_00360": [":epistemic - b [a] - b [d] + b [c] (= (secret-p1) 't')"], "sn_maxd3_00574": [":epistemic - b [b] - b [c] $ b [b] (= (secret-p1) 't')"], "sn_maxd3_00114": [":epistemic - b [d] + b [b] (= (secret-p1) 't')"], "sn_maxd3_00363": [":epistemic + b [b] + b [a] + b [b] (= (secret-p1) 't')"], "sn_maxd3_00440": [":epistemic + b [b] - b [d] - b [b] (= (secret-p1) 't')"], "sn_maxd3_00784": [":epistemic - b [c] $ b [a] $ b [d] (= (secret-p1) 't')"], "sn_maxd3_00412": [":epistemic + b [b] - b [c] $ b [b] (= (secret-p1) 't')"], "sn_maxd3_00441": [":epistemic + b [b] - b [d] + b [c] (= (secret-p1) 't')"], "sn_maxd3_00835": [":epistemic - b [c] $ b [d] $ b [b] (= (secret-p1) 't')"], "sn_maxd3_00786": [":epistemic - b [c] - b [a] + b [b] (= (secret-p1) 't')"], "sn_maxd3_00006": [":epistemic + b [c] (= (secret-p1) 't')"], "sn_maxd3_01040": [":epistemic - b [d] + b [b] - b [a] (= (secret-p1) 't')"], "sn_maxd3_00570": [":epistemic - b [b] - b [c] + b [a] (= (secret-p1) 't')"], "sn_maxd3_00063": [":epistemic - b [b] + b [d] (= (secret-p1) 't')"], "sn_maxd3_00872": [":epistemic + b [d] - b [a] - b [c] (= (secret-p1) 't')"], "sn_maxd3_00120": [":epistemic + b [a] + b [b] + b [a] (= (secret-p1) 't')"], "sn_maxd3_00840": [":epistemic - b [c] - b [d] + b [a] (= (secret-p1) 't')"], "sn_maxd3_00180": [":epistemic + b [a] + b [d] + b [c] (= (secret-p1) 't')"], "sn_maxd3_00061": [":epistemic - b [b] $ b [c] (= (secret-p1) 't')"], "sn_maxd3_01024": [":epistemic - b [d] $ b [a] $ b [c] (= (secret-p1) 't')"], "sn_maxd3_00324": [":epistemic - b [a] $ b [c] + b [d] (= (secret-p1) 't')"], "sn_maxd3_00544": [":epistemic - b [b] - b [a] $ b [b] (= (secret-p1) 't')"], "sn_maxd3_00088": [":epistemic - b [c] $ b [b] (= (secret-p1) 't')"], "sn_maxd3_00831": [":epistemic - b [c] $ b [d] + b [a] (= (secret-p1) 't')"], "sn_maxd3_00112": [":epistemic - b [d] $ b [a] (= (secret-p1) 't')"], "sn_maxd3_01075": [":epistemic - b [d] $ b [c] $ b [a] (= (secret-p1) 't')"], "sn_maxd3_00119": [":epistemic - b [d] - b [c] (= (secret-p1) 't')"], "sn_maxd3_01084": [":epistemic - b [d] - b [c] $ b [a] (= (secret-p1) 't')"], "sn_maxd3_00550": [":epistemic - b [b] - b [a] $ b [d] (= (secret-p1) 't')"], "sn_maxd3_00166": [":epistemic + b [a] - b [c] $ b [a] (= (secret-p1) 't')"], "sn_maxd3_00793": [":epistemic - b [c] - b [a] $ b [d] (= (secret-p1) 't')"], "sn_maxd3_00813": [":epistemic - b [c] - b [b] + b [a] (= (secret-p1) 't')"], "sn_maxd3_00397": [":epistemic + b [b] + b [c] $ b [d] (= (secret-p1) 't')"], "sn_maxd3_00003": [":epistemic + b [b] (= (secret-p1) 't')"], "sn_maxd3_00567": [":epistemic - b [b] $ b [c] + b [d] (= (secret-p1) 't')"], "sn_maxd3_00926": [":epistemic + b [d] - b [c] - b [b] (= (secret-p1) 't')"], "sn_maxd3_00902": [":epistemic + b [d] - b [b] - b [d] (= (secret-p1) 't')"], "sn_maxd3_00307": [":epistemic - b [a] - b [b] $ b [d] (= (secret-p1) 't')"], "sn_maxd3_01066": [":epistemic - b [d] + b [c] $ b [a] (= (secret-p1) 't')"], "sn_maxd3_00772": [":epistemic - b [c] + b [a] $ b [c] (= (secret-p1) 't')"], "sn_maxd3_00181": [":epistemic + b [a] + b [d] $ b [c] (= (secret-p1) 't')"], "sn_maxd3_00875": [":epistemic + b [d] - b [a] - b [d] (= (secret-p1) 't')"], "sn_maxd3_00606": [":epistemic + b [c] + b [a] + b [b] (= (secret-p1) 't')"], "sn_maxd3_00391": [":epistemic + b [b] + b [c] $ b [a] (= (secret-p1) 't')"], "sn_maxd3_00328": [":epistemic - b [a] - b [c] $ b [a] (= (secret-p1) 't')"], "sn_maxd3_00409": [":epistemic + b [b] - b [c] $ b [a] (= (secret-p1) 't')"], "sn_maxd3_00087": [":epistemic - b [c] + b [b] (= (secret-p1) 't')"], "sn_maxd3_00630": [":epistemic + b [c] - b [a] + b [d] (= (secret-p1) 't')"], "sn_maxd3_00779": [":epistemic - b [c] $ b [a] - b [b] (= (secret-p1) 't')"], "sn_maxd3_00667": [":epistemic + b [c] + b [d] $ b [c] (= (secret-p1) 't')"], "sn_maxd3_00141": [":epistemic + b [a] - b [b] + b [c] (= (secret-p1) 't')"], "sn_maxd3_00593": [":epistemic - b [b] $ b [d] - b [b] (= (secret-p1) 't')"], "sn_maxd3_00290": [":epistemic - b [a] + b [b] - b [d] (= (secret-p1) 't')"], "sn_maxd3_01033": [":epistemic - b [d] - b [a] $ b [c] (= (secret-p1) 't')"], "sn_maxd3_00850": [":epistemic + b [d] + b [a] $ b [b] (= (secret-p1) 't')"], "sn_maxd3_00000": [":epistemic + b [a] (= (secret-p1) 't')"], "sn_maxd3_00634": [":epistemic + b [c] + b [b] $ b [a] (= (secret-p1) 't')"], "sn_maxd3_00393": [":epistemic + b [b] + b [c] + b [b] (= (secret-p1) 't')"], "sn_maxd3_00780": [":epistemic - b [c] $ b [a] + b [c] (= (secret-p1) 't')"], "sn_maxd3_01080": [":epistemic - b [d] $ b [c] + b [d] (= (secret-p1) 't')"], "sn_maxd3_00336": [":epistemic - b [a] + b [d] + b [a] (= (secret-p1) 't')"], "sn_maxd3_00806": [":epistemic - b [c] $ b [b] - b [a] (= (secret-p1) 't')"], "sn_maxd3_00553": [":epistemic - b [b] + b [c] $ b [a] (= (secret-p1) 't')"], "sn_maxd3_00829": [":epistemic - b [c] + b [d] $ b [c] (= (secret-p1) 't')"], "sn_maxd3_00664": [":epistemic + b [c] + b [d] $ b [b] (= (secret-p1) 't')"], "sn_maxd3_00285": [":epistemic - b [a] + b [b] + b [c] (= (secret-p1) 't')"], "sn_maxd3_00170": [":epistemic + b [a] - b [c] - b [b] (= (secret-p1) 't')"], "sn_maxd3_00584": [":epistemic - b [b] + b [d] - b [b] (= (secret-p1) 't')"], "sn_maxd3_00347": [":epistemic - b [a] $ b [d] - b [a] (= (secret-p1) 't')"], "sn_maxd3_00790": [":epistemic - b [c] - b [a] $ b [c] (= (secret-p1) 't')"], "sn_maxd3_00018": [":epistemic + b [a] + b [d] (= (secret-p1) 't')"], "sn_maxd3_00286": [":epistemic - b [a] + b [b] $ b [c] (= (secret-p1) 't')"], "sn_maxd3_00007": [":epistemic $ b [c] (= (secret-p1) 't')"], "sn_maxd3_01076": [":epistemic - b [d] $ b [c] - b [a] (= (secret-p1) 't')"], "sn_maxd3_00883": [":epistemic + b [d] + b [b] $ b [d] (= (secret-p1) 't')"], "sn_maxd3_00833": [":epistemic - b [c] $ b [d] - b [a] (= (secret-p1) 't')"], "sn_maxd3_00581": [":epistemic - b [b] + b [d] - b [a] (= (secret-p1) 't')"], "sn_maxd3_00557": [":epistemic - b [b] + b [c] - b [b] (= (secret-p1) 't')"], "sn_maxd3_01071": [":epistemic - b [d] + b [c] + b [d] (= (secret-p1) 't')"], "sn_maxd3_00909": [":epistemic + b [d] + b [c] + b [d] (= (secret-p1) 't')"], "sn_maxd3_01028": [":epistemic - b [d] $ b [a] - b [d] (= (secret-p1) 't')"], "sn_maxd3_00171": [":epistemic + b [a] - b [c] + b [d] (= (secret-p1) 't')"], "sn_maxd3_00300": [":epistemic - b [a] - b [b] + b [a] (= (secret-p1) 't')"], "sn_maxd3_00827": [":epistemic - b [c] + b [d] - b [b] (= (secret-p1) 't')"], "sn_maxd3_00585": [":epistemic - b [b] + b [d] + b [c] (= (secret-p1) 't')"], "sn_maxd3_00596": [":epistemic - b [b] $ b [d] - b [c] (= (secret-p1) 't')"], "sn_maxd3_00438": [":epistemic + b [b] - b [d] + b [b] (= (secret-p1) 't')"], "sn_maxd3_00283": [":epistemic - b [a] + b [b] $ b [a] (= (secret-p1) 't')"], "sn_maxd3_00846": [":epistemic - b [c] - b [d] + b [c] (= (secret-p1) 't')"], "sn_maxd3_00805": [":epistemic - b [c] $ b [b] $ b [a] (= (secret-p1) 't')"], "sn_maxd3_00084": [":epistemic - b [c] + b [a] (= (secret-p1) 't')"], "sn_maxd3_00533": [":epistemic - b [b] + b [a] - b [d] (= (secret-p1) 't')"], "sn_maxd3_00292": [":epistemic - b [a] $ b [b] $ b [a] (= (secret-p1) 't')"], "sn_maxd3_00116": [":epistemic - b [d] - b [b] (= (secret-p1) 't')"], "sn_maxd3_00174": [":epistemic + b [a] + b [d] + b [a] (= (secret-p1) 't')"], "sn_maxd3_00822": [":epistemic - b [c] + b [d] + b [a] (= (secret-p1) 't')"], "sn_maxd3_00873": [":epistemic + b [d] - b [a] + b [d] (= (secret-p1) 't')"], "sn_maxd3_00310": [":epistemic - b [a] + b [c] $ b [a] (= (secret-p1) 't')"], "sn_maxd3_00019": [":epistemic + b [a] $ b [d] (= (secret-p1) 't')"], "sn_maxd3_00589": [":epistemic - b [b] $ b [d] $ b [a] (= (secret-p1) 't')"], "sn_maxd3_01021": [":epistemic - b [d] $ b [a] $ b [b] (= (secret-p1) 't')"], "sn_maxd3_00541": [":epistemic - b [b] $ b [a] $ b [d] (= (secret-p1) 't')"], "sn_maxd3_00824": [":epistemic - b [c] + b [d] - b [a] (= (secret-p1) 't')"], "sn_maxd3_00123": [":epistemic + b [a] + b [b] + b [c] (= (secret-p1) 't')"], "sn_maxd3_00299": [":epistemic - b [a] $ b [b] - b [d] (= (secret-p1) 't')"], "sn_maxd3_00345": [":epistemic - b [a] $ b [d] + b [a] (= (secret-p1) 't')"], "sn_maxd3_00565": [":epistemic - b [b] $ b [c] $ b [b] (= (secret-p1) 't')"], "sn_maxd3_00322": [":epistemic - b [a] $ b [c] $ b [b] (= (secret-p1) 't')"], "sn_maxd3_00607": [":epistemic + b [c] + b [a] $ b [b] (= (secret-p1) 't')"], "sn_maxd3_00195": [":epistemic + b [a] - b [d] + b [b] (= (secret-p1) 't')"], "sn_maxd3_00341": [":epistemic - b [a] + b [d] - b [b] (= (secret-p1) 't')"], "sn_maxd3_00058": [":epistemic - b [b] $ b [a] (= (secret-p1) 't')"], "sn_maxd3_00330": [":epistemic - b [a] - b [c] + b [b] (= (secret-p1) 't')"], "sn_maxd3_00867": [":epistemic + b [d] - b [a] + b [b] (= (secret-p1) 't')"], "sn_maxd3_01043": [":epistemic - b [d] + b [b] - b [c] (= (secret-p1) 't')"], "sn_maxd3_00555": [":epistemic - b [b] + b [c] + b [b] (= (secret-p1) 't')"], "sn_maxd3_00348": [":epistemic - b [a] $ b [d] + b [b] (= (secret-p1) 't')"], "sn_maxd3_01070": [":epistemic - b [d] + b [c] - b [b] (= (secret-p1) 't')"], "sn_maxd3_01065": [":epistemic - b [d] + b [c] + b [a] (= (secret-p1) 't')"], "sn_maxd3_00140": [":epistemic + b [a] - b [b] - b [a] (= (secret-p1) 't')"], "sn_maxd3_00039": [":epistemic + b [b] + b [a] (= (secret-p1) 't')"], "sn_maxd3_00653": [":epistemic + b [c] - b [b] - b [a] (= (secret-p1) 't')"], "sn_maxd3_00900": [":epistemic + b [d] - b [b] + b [d] (= (secret-p1) 't')"], "sn_maxd3_00414": [":epistemic + b [b] - b [c] + b [d] (= (secret-p1) 't')"], "sn_maxd3_00680": [":epistemic + b [c] - b [d] - b [a] (= (secret-p1) 't')"], "sn_maxd3_00009": [":epistemic + b [d] (= (secret-p1) 't')"], "sn_maxd3_00832": [":epistemic - b [c] $ b [d] $ b [a] (= (secret-p1) 't')"], "sn_maxd3_00361": [":epistemic - b [a] - b [d] $ b [c] (= (secret-p1) 't')"], "sn_maxd3_00787": [":epistemic - b [c] - b [a] $ b [b] (= (secret-p1) 't')"], "sn_maxd3_00838": [":epistemic - b [c] $ b [d] $ b [c] (= (secret-p1) 't')"], "sn_maxd3_01036": [":epistemic - b [d] - b [a] $ b [d] (= (secret-p1) 't')"], "sn_maxd3_00418": [":epistemic + b [b] + b [d] $ b [a] (= (secret-p1) 't')"], "sn_maxd3_00640": [":epistemic + b [c] + b [b] $ b [d] (= (secret-p1) 't')"], "sn_maxd3_00338": [":epistemic - b [a] + b [d] - b [a] (= (secret-p1) 't')"], "sn_maxd3_00100": [":epistemic + b [d] $ b [c] (= (secret-p1) 't')"], "sn_maxd3_00086": [":epistemic - b [c] - b [a] (= (secret-p1) 't')"], "sn_maxd3_01017": [":epistemic - b [d] + b [a] + b [d] (= (secret-p1) 't')"], "sn_maxd3_00562": [":epistemic - b [b] $ b [c] $ b [a] (= (secret-p1) 't')"], "sn_maxd3_00094": [":epistemic + b [d] $ b [a] (= (secret-p1) 't')"], "sn_maxd3_00358": [":epistemic - b [a] - b [d] $ b [b] (= (secret-p1) 't')"], "sn_maxd3_00655": [":epistemic + b [c] - b [b] $ b [c] (= (secret-p1) 't')"], "sn_maxd3_00654": [":epistemic + b [c] - b [b] + b [c] (= (secret-p1) 't')"], "sn_maxd3_00198": [":epistemic + b [a] - b [d] + b [c] (= (secret-p1) 't')"], "sn_maxd3_00836": [":epistemic - b [c] $ b [d] - b [b] (= (secret-p1) 't')"], "sn_maxd3_00528": [":epistemic - b [b] + b [a] + b [c] (= (secret-p1) 't')"], "sn_maxd3_00121": [":epistemic + b [a] + b [b] $ b [a] (= (secret-p1) 't')"], "sn_maxd3_00060": [":epistemic - b [b] + b [c] (= (secret-p1) 't')"], "sn_maxd3_01087": [":epistemic - b [d] - b [c] $ b [b] (= (secret-p1) 't')"], "sn_maxd3_00628": [":epistemic + b [c] - b [a] $ b [c] (= (secret-p1) 't')"], "sn_maxd3_00099": [":epistemic + b [d] + b [c] (= (secret-p1) 't')"], "sn_maxd3_00636": [":epistemic + b [c] + b [b] + b [c] (= (secret-p1) 't')"], "sn_maxd3_00394": [":epistemic + b [b] + b [c] $ b [b] (= (secret-p1) 't')"], "sn_maxd3_00199": [":epistemic + b [a] - b [d] $ b [c] (= (secret-p1) 't')"], "sn_maxd3_01022": [":epistemic - b [d] $ b [a] - b [b] (= (secret-p1) 't')"], "sn_maxd3_00390": [":epistemic + b [b] + b [c] + b [a] (= (secret-p1) 't')"], "sn_maxd3_00924": [":epistemic + b [d] - b [c] + b [b] (= (secret-p1) 't')"], "sn_maxd3_00367": [":epistemic + b [b] + b [a] $ b [c] (= (secret-p1) 't')"], "sn_maxd3_00907": [":epistemic + b [d] + b [c] $ b [b] (= (secret-p1) 't')"], "sn_maxd3_00558": [":epistemic - b [b] + b [c] + b [d] (= (secret-p1) 't')"], "sn_maxd3_00382": [":epistemic + b [b] - b [a] $ b [b] (= (secret-p1) 't')"], "sn_maxd3_00318": [":epistemic - b [a] $ b [c] + b [a] (= (secret-p1) 't')"], "sn_maxd3_01030": [":epistemic - b [d] - b [a] $ b [b] (= (secret-p1) 't')"], "sn_maxd3_00346": [":epistemic - b [a] $ b [d] $ b [a] (= (secret-p1) 't')"], "sn_maxd3_01020": [":epistemic - b [d] $ b [a] + b [b] (= (secret-p1) 't')"], "sn_maxd3_00795": [":epistemic - b [c] + b [b] + b [a] (= (secret-p1) 't')"], "sn_maxd3_01018": [":epistemic - b [d] + b [a] $ b [d] (= (secret-p1) 't')"], "sn_maxd3_00834": [":epistemic - b [c] $ b [d] + b [b] (= (secret-p1) 't')"], "sn_maxd3_00789": [":epistemic - b [c] - b [a] + b [c] (= (secret-p1) 't')"], "sn_maxd3_00339": [":epistemic - b [a] + b [d] + b [b] (= (secret-p1) 't')"], "sn_maxd3_00825": [":epistemic - b [c] + b [d] + b [b] (= (secret-p1) 't')"], "sn_maxd3_00142": [":epistemic + b [a] - b [b] $ b [c] (= (secret-p1) 't')"], "sn_maxd3_00070": [":epistemic + b [c] $ b [b] (= (secret-p1) 't')"], "sn_maxd3_00525": [":epistemic - b [b] + b [a] + b [b] (= (secret-p1) 't')"], "sn_maxd3_01089": [":epistemic - b [d] - b [c] + b [d] (= (secret-p1) 't')"], "sn_maxd3_00808": [":epistemic - b [c] $ b [b] $ b [c] (= (secret-p1) 't')"], "sn_maxd3_01067": [":epistemic - b [d] + b [c] - b [a] (= (secret-p1) 't')"], "sn_maxd3_00437": [":epistemic + b [b] - b [d] - b [a] (= (secret-p1) 't')"], "sn_maxd3_00537": [":epistemic - b [b] $ b [a] + b [c] (= (secret-p1) 't')"], "sn_maxd3_00057": [":epistemic - b [b] + b [a] (= (secret-p1) 't')"], "sn_maxd3_00604": [":epistemic - b [b] - b [d] $ b [c] (= (secret-p1) 't')"], "sn_maxd3_01052": [":epistemic - b [d] $ b [b] - b [c] (= (secret-p1) 't')"], "sn_maxd3_01050": [":epistemic - b [d] $ b [b] + b [c] (= (secret-p1) 't')"], "sn_maxd3_00315": [":epistemic - b [a] + b [c] + b [d] (= (secret-p1) 't')"], "sn_maxd3_00556": [":epistemic - b [b] + b [c] $ b [b] (= (secret-p1) 't')"], "sn_maxd3_00030": [":epistemic - b [a] + b [b] (= (secret-p1) 't')"], "sn_maxd3_00816": [":epistemic - b [c] - b [b] + b [c] (= (secret-p1) 't')"], "sn_maxd3_00877": [":epistemic + b [d] + b [b] $ b [a] (= (secret-p1) 't')"], "sn_maxd3_00811": [":epistemic - b [c] $ b [b] $ b [d] (= (secret-p1) 't')"], "sn_maxd3_00853": [":epistemic + b [d] + b [a] $ b [c] (= (secret-p1) 't')"], "sn_maxd3_00546": [":epistemic - b [b] - b [a] + b [c] (= (secret-p1) 't')"], "sn_maxd3_00921": [":epistemic + b [d] - b [c] + b [a] (= (secret-p1) 't')"], "sn_maxd3_00151": [":epistemic + b [a] + b [c] $ b [b] (= (secret-p1) 't')"], "sn_maxd3_00320": [":epistemic - b [a] $ b [c] - b [a] (= (secret-p1) 't')"], "sn_maxd3_00874": [":epistemic + b [d] - b [a] $ b [d] (= (secret-p1) 't')"], "sn_maxd3_00165": [":epistemic + b [a] - b [c] + b [a] (= (secret-p1) 't')"], "sn_maxd3_01026": [":epistemic - b [d] $ b [a] + b [d] (= (secret-p1) 't')"], "sn_maxd3_00349": [":epistemic - b [a] $ b [d] $ b [b] (= (secret-p1) 't')"], "sn_maxd3_00197": [":epistemic + b [a] - b [d] - b [b] (= (secret-p1) 't')"], "sn_maxd3_01032": [":epistemic - b [d] - b [a] + b [c] (= (secret-p1) 't')"], "sn_maxd3_00127": [":epistemic + b [a] + b [b] $ b [d] (= (secret-p1) 't')"], "sn_maxd3_01038": [":epistemic - b [d] + b [b] + b [a] (= (secret-p1) 't')"], "sn_maxd3_00627": [":epistemic + b [c] - b [a] + b [c] (= (secret-p1) 't')"], "sn_maxd3_00325": [":epistemic - b [a] $ b [c] $ b [d] (= (secret-p1) 't')"], "sn_maxd3_00610": [":epistemic + b [c] + b [a] $ b [c] (= (secret-p1) 't')"], "sn_maxd3_01072": [":epistemic - b [d] + b [c] $ b [d] (= (secret-p1) 't')"], "sn_maxd3_01060": [":epistemic - b [d] - b [b] $ b [c] (= (secret-p1) 't')"], "sn_maxd3_00043": [":epistemic + b [b] $ b [c] (= (secret-p1) 't')"], "sn_maxd3_00169": [":epistemic + b [a] - b [c] $ b [b] (= (secret-p1) 't')"], "sn_maxd3_00408": [":epistemic + b [b] - b [c] + b [a] (= (secret-p1) 't')"], "sn_maxd3_00072": [":epistemic + b [c] + b [d] (= (secret-p1) 't')"], "sn_maxd3_00796": [":epistemic - b [c] + b [b] $ b [a] (= (secret-p1) 't')"], "sn_maxd3_00807": [":epistemic - b [c] $ b [b] + b [c] (= (secret-p1) 't')"], "sn_maxd3_00200": [":epistemic + b [a] - b [d] - b [c] (= (secret-p1) 't')"], "sn_maxd3_00564": [":epistemic - b [b] $ b [c] + b [b] (= (secret-p1) 't')"], "sn_maxd3_01013": [":epistemic - b [d] + b [a] - b [b] (= (secret-p1) 't')"], "sn_maxd3_00344": [":epistemic - b [a] + b [d] - b [c] (= (secret-p1) 't')"], "sn_maxd3_00327": [":epistemic - b [a] - b [c] + b [a] (= (secret-p1) 't')"], "sn_maxd3_00366": [":epistemic + b [b] + b [a] + b [c] (= (secret-p1) 't')"], "sn_maxd3_01073": [":epistemic - b [d] + b [c] - b [d] (= (secret-p1) 't')"], "sn_maxd3_00686": [":epistemic + b [c] - b [d] - b [c] (= (secret-p1) 't')"], "sn_maxd3_00146": [":epistemic + b [a] - b [b] - b [d] (= (secret-p1) 't')"], "sn_maxd3_01090": [":epistemic - b [d] - b [c] $ b [d] (= (secret-p1) 't')"], "sn_maxd3_00147": [":epistemic + b [a] + b [c] + b [a] (= (secret-p1) 't')"], "sn_maxd3_00660": [":epistemic + b [c] + b [d] + b [a] (= (secret-p1) 't')"], "sn_maxd3_00424": [":epistemic + b [b] + b [d] $ b [c] (= (secret-p1) 't')"], "sn_maxd3_00535": [":epistemic - b [b] $ b [a] $ b [b] (= (secret-p1) 't')"], "sn_maxd3_00311": [":epistemic - b [a] + b [c] - b [a] (= (secret-p1) 't')"], "sn_maxd3_00317": [":epistemic - b [a] + b [c] - b [d] (= (secret-p1) 't')"], "sn_maxd3_00571": [":epistemic - b [b] - b [c] $ b [a] (= (secret-p1) 't')"], "sn_maxd3_01011": [":epistemic - b [d] + b [a] + b [b] (= (secret-p1) 't')"], "sn_maxd3_01035": [":epistemic - b [d] - b [a] + b [d] (= (secret-p1) 't')"], "sn_maxd3_00777": [":epistemic - b [c] $ b [a] + b [b] (= (secret-p1) 't')"], "sn_maxd3_00923": [":epistemic + b [d] - b [c] - b [a] (= (secret-p1) 't')"], "sn_maxd3_00038": [":epistemic - b [a] - b [d] (= (secret-p1) 't')"], "sn_maxd3_00588": [":epistemic - b [b] $ b [d] + b [a] (= (secret-p1) 't')"], "sn_maxd3_00657": [":epistemic + b [c] - b [b] + b [d] (= (secret-p1) 't')"], "sn_maxd3_00828": [":epistemic - b [c] + b [d] + b [c] (= (secret-p1) 't')"], "sn_maxd3_00059": [":epistemic - b [b] - b [a] (= (secret-p1) 't')"], "sn_maxd3_00143": [":epistemic + b [a] - b [b] - b [c] (= (secret-p1) 't')"], "sn_maxd3_00443": [":epistemic + b [b] - b [d] - b [c] (= (secret-p1) 't')"], "sn_maxd3_00792": [":epistemic - b [c] - b [a] + b [d] (= (secret-p1) 't')"], "sn_maxd3_01016": [":epistemic - b [d] + b [a] - b [c] (= (secret-p1) 't')"], "sn_maxd3_00421": [":epistemic + b [b] + b [d] $ b [b] (= (secret-p1) 't')"], "sn_maxd3_00595": [":epistemic - b [b] $ b [d] $ b [c] (= (secret-p1) 't')"], "sn_maxd3_00666": [":epistemic + b [c] + b [d] + b [c] (= (secret-p1) 't')"], "sn_maxd3_00534": [":epistemic - b [b] $ b [a] + b [b] (= (secret-p1) 't')"], "sn_maxd3_00153": [":epistemic + b [a] + b [c] + b [d] (= (secret-p1) 't')"], "sn_maxd3_00387": [":epistemic + b [b] - b [a] + b [d] (= (secret-p1) 't')"], "sn_maxd3_00013": [":epistemic + b [a] $ b [b] (= (secret-p1) 't')"], "sn_maxd3_00288": [":epistemic - b [a] + b [b] + b [d] (= (secret-p1) 't')"], "sn_maxd3_01074": [":epistemic - b [d] $ b [c] + b [a] (= (secret-p1) 't')"], "sn_maxd3_01055": [":epistemic - b [d] $ b [b] - b [d] (= (secret-p1) 't')"], "sn_maxd3_00321": [":epistemic - b [a] $ b [c] + b [b] (= (secret-p1) 't')"], "sn_maxd3_00774": [":epistemic - b [c] + b [a] + b [d] (= (secret-p1) 't')"], "sn_maxd3_00601": [":epistemic - b [b] - b [d] $ b [b] (= (secret-p1) 't')"], "sn_maxd3_00782": [":epistemic - b [c] $ b [a] - b [c] (= (secret-p1) 't')"], "sn_maxd3_01048": [":epistemic - b [d] $ b [b] $ b [a] (= (secret-p1) 't')"], "sn_maxd3_00679": [":epistemic + b [c] - b [d] $ b [a] (= (secret-p1) 't')"], "sn_maxd3_00383": [":epistemic + b [b] - b [a] - b [b] (= (secret-p1) 't')"], "sn_maxd3_00531": [":epistemic - b [b] + b [a] + b [d] (= (secret-p1) 't')"], "sn_maxd3_00178": [":epistemic + b [a] + b [d] $ b [b] (= (secret-p1) 't')"], "sn_maxd3_00319": [":epistemic - b [a] $ b [c] $ b [a] (= (secret-p1) 't')"], "sn_maxd3_00803": [":epistemic - b [c] + b [b] - b [d] (= (secret-p1) 't')"], "sn_maxd3_00062": [":epistemic - b [b] - b [c] (= (secret-p1) 't')"], "sn_maxd3_00817": [":epistemic - b [c] - b [b] $ b [c] (= (secret-p1) 't')"], "sn_maxd3_00364": [":epistemic + b [b] + b [a] $ b [b] (= (secret-p1) 't')"], "sn_maxd3_00355": [":epistemic - b [a] - b [d] $ b [a] (= (secret-p1) 't')"], "sn_maxd3_00543": [":epistemic - b [b] - b [a] + b [b] (= (secret-p1) 't')"], "sn_maxd3_00870": [":epistemic + b [d] - b [a] + b [c] (= (secret-p1) 't')"], "sn_maxd3_00684": [":epistemic + b [c] - b [d] + b [c] (= (secret-p1) 't')"], "sn_maxd3_00659": [":epistemic + b [c] - b [b] - b [d] (= (secret-p1) 't')"], "sn_maxd3_00566": [":epistemic - b [b] $ b [c] - b [b] (= (secret-p1) 't')"], "sn_maxd3_00092": [":epistemic - b [c] - b [d] (= (secret-p1) 't')"], "sn_maxd3_00004": [":epistemic $ b [b] (= (secret-p1) 't')"], "sn_maxd3_00139": [":epistemic + b [a] - b [b] $ b [a] (= (secret-p1) 't')"], "sn_maxd3_00089": [":epistemic - b [c] - b [b] (= (secret-p1) 't')"], "sn_maxd3_00065": [":epistemic - b [b] - b [d] (= (secret-p1) 't')"], "sn_maxd3_00113": [":epistemic - b [d] - b [a] (= (secret-p1) 't')"], "sn_maxd3_00296": [":epistemic - b [a] $ b [b] - b [c] (= (secret-p1) 't')"], "sn_maxd3_00410": [":epistemic + b [b] - b [c] - b [a] (= (secret-p1) 't')"], "sn_maxd3_00598": [":epistemic - b [b] - b [d] $ b [a] (= (secret-p1) 't')"], "sn_maxd3_00568": [":epistemic - b [b] $ b [c] $ b [d] (= (secret-p1) 't')"], "sn_maxd3_00776": [":epistemic - b [c] + b [a] - b [d] (= (secret-p1) 't')"], "sn_maxd3_00413": [":epistemic + b [b] - b [c] - b [b] (= (secret-p1) 't')"], "sn_maxd3_00609": [":epistemic + b [c] + b [a] + b [c] (= (secret-p1) 't')"], "sn_maxd3_00309": [":epistemic - b [a] + b [c] + b [a] (= (secret-p1) 't')"], "sn_maxd3_00577": [":epistemic - b [b] - b [c] $ b [d] (= (secret-p1) 't')"], "sn_maxd3_00304": [":epistemic - b [a] - b [b] $ b [c] (= (secret-p1) 't')"], "sn_maxd3_00384": [":epistemic + b [b] - b [a] + b [c] (= (secret-p1) 't')"], "sn_maxd3_00118": [":epistemic - b [d] $ b [c] (= (secret-p1) 't')"], "sn_maxd3_00168": [":epistemic + b [a] - b [c] + b [b] (= (secret-p1) 't')"], "sn_maxd3_00839": [":epistemic - b [c] $ b [d] - b [c] (= (secret-p1) 't')"], "sn_maxd3_00370": [":epistemic + b [b] + b [a] $ b [d] (= (secret-p1) 't')"], "sn_maxd3_00326": [":epistemic - b [a] $ b [c] - b [d] (= (secret-p1) 't')"], "sn_maxd3_00928": [":epistemic + b [d] - b [c] $ b [d] (= (secret-p1) 't')"], "sn_maxd3_00124": [":epistemic + b [a] + b [b] $ b [c] (= (secret-p1) 't')"], "sn_maxd3_01077": [":epistemic - b [d] $ b [c] + b [b] (= (secret-p1) 't')"], "sn_maxd3_00301": [":epistemic - b [a] - b [b] $ b [a] (= (secret-p1) 't')"], "sn_maxd3_00785": [":epistemic - b [c] $ b [a] - b [d] (= (secret-p1) 't')"], "sn_maxd3_00880": [":epistemic + b [d] + b [b] $ b [c] (= (secret-p1) 't')"], "sn_maxd3_00031": [":epistemic - b [a] $ b [b] (= (secret-p1) 't')"], "sn_maxd3_00637": [":epistemic + b [c] + b [b] $ b [c] (= (secret-p1) 't')"]}, "unsolvable": {"sn_maxd3_00580": [":epistemic - b [b] + b [d] $ b [a] (= (secret-p1) 't')"], "sn_maxd3_00641": [":epistemic + b [c] + b [b] - b [d] (= (secret-p1) 't')"], "sn_maxd3_00668": [":epistemic + b [c] + b [d] - b [c] (= (secret-p1) 't')"], "sn_maxd3_00466": [":epistemic $ b [b] - b [a] $ b [c] (= (secret-p1) 't')"], "sn_maxd3_00802": [":epistemic - b [c] + b [b] $ b [d] (= (secret-p1) 't')"], "sn_maxd3_00021": [":epistemic $ b [a] + b [b] (= (secret-p1) 't')"], "sn_maxd3_00730": [":epistemic $ b [c] $ b [b] $ b [d] (= (secret-p1) 't')"], "sn_maxd3_00481": [":epistemic $ b [b] $ b [c] $ b [a] (= (secret-p1) 't')"], "sn_maxd3_00176": [":epistemic + b [a] + b [d] - b [a] (= (secret-p1) 't')"], "sn_maxd3_00470": [":epistemic $ b [b] - b [a] - b [d] (= (secret-p1) 't')"], "sn_maxd3_00826": [":epistemic - b [c] + b [d] $ b [b] (= (secret-p1) 't')"], "sn_maxd3_00714": [":epistemic $ b [c] + b [b] + b [a] (= (secret-p1) 't')"], "sn_maxd3_00206": [":epistemic $ b [a] + b [b] - b [c] (= (secret-p1) 't')"], "sn_maxd3_00491": [":epistemic $ b [b] - b [c] - b [a] (= (secret-p1) 't')"], "sn_maxd3_00182": [":epistemic + b [a] + b [d] - b [c] (= (secret-p1) 't')"], "sn_maxd3_00620": [":epistemic + b [c] $ b [a] - b [c] (= (secret-p1) 't')"], "sn_maxd3_00422": [":epistemic + b [b] + b [d] - b [b] (= (secret-p1) 't')"], "sn_maxd3_00329": [":epistemic - b [a] - b [c] - b [a] (= (secret-p1) 't')"], "sn_maxd3_00876": [":epistemic + b [d] + b [b] + b [a] (= (secret-p1) 't')"], "sn_maxd3_00106": [":epistemic $ b [d] $ b [b] (= (secret-p1) 't')"], "sn_maxd3_00064": [":epistemic - b [b] $ b [d] (= (secret-p1) 't')"], "sn_maxd3_00502": [":epistemic $ b [b] + b [d] $ b [b] (= (secret-p1) 't')"], "sn_maxd3_00433": [":epistemic + b [b] $ b [d] $ b [c] (= (secret-p1) 't')"], "sn_maxd3_00882": [":epistemic + b [d] + b [b] + b [d] (= (secret-p1) 't')"], "sn_maxd3_00450": [":epistemic $ b [b] + b [a] + b [d] (= (secret-p1) 't')"], "sn_maxd3_01086": [":epistemic - b [d] - b [c] + b [b] (= (secret-p1) 't')"], "sn_maxd3_00484": [":epistemic $ b [b] $ b [c] $ b [b] (= (secret-p1) 't')"], "sn_maxd3_00504": [":epistemic $ b [b] + b [d] + b [c] (= (secret-p1) 't')"], "sn_maxd3_00662": [":epistemic + b [c] + b [d] - b [a] (= (secret-p1) 't')"], "sn_maxd3_01003": [":epistemic $ b [d] - b [c] $ b [a] (= (secret-p1) 't')"], "sn_maxd3_00240": [":epistemic $ b [a] $ b [c] + b [b] (= (secret-p1) 't')"], "sn_maxd3_00434": [":epistemic + b [b] $ b [d] - b [c] (= (secret-p1) 't')"], "sn_maxd3_00216": [":epistemic $ b [a] $ b [b] + b [d] (= (secret-p1) 't')"], "sn_maxd3_00671": [":epistemic + b [c] $ b [d] - b [a] (= (secret-p1) 't')"], "sn_maxd3_01045": [":epistemic - b [d] + b [b] $ b [d] (= (secret-p1) 't')"], "sn_maxd3_00420": [":epistemic + b [b] + b [d] + b [b] (= (secret-p1) 't')"], "sn_maxd3_00991": [":epistemic $ b [d] + b [c] $ b [d] (= (secret-p1) 't')"], "sn_maxd3_00937": [":epistemic $ b [d] + b [a] $ b [d] (= (secret-p1) 't')"], "sn_maxd3_00985": [":epistemic $ b [d] + b [c] $ b [a] (= (secret-p1) 't')"], "sn_maxd3_00177": [":epistemic + b [a] + b [d] + b [b] (= (secret-p1) 't')"], "sn_maxd3_00201": [":epistemic $ b [a] + b [b] + b [a] (= (secret-p1) 't')"], "sn_maxd3_00733": [":epistemic $ b [c] - b [b] $ b [a] (= (secret-p1) 't')"], "sn_maxd3_00407": [":epistemic + b [b] $ b [c] - b [d] (= (secret-p1) 't')"], "sn_maxd3_00898": [":epistemic + b [d] - b [b] $ b [c] (= (secret-p1) 't')"], "sn_maxd3_00913": [":epistemic + b [d] $ b [c] $ b [a] (= (secret-p1) 't')"], "sn_maxd3_00497": [":epistemic $ b [b] - b [c] - b [d] (= (secret-p1) 't')"], "sn_maxd3_00983": [":epistemic $ b [d] - b [b] - b [d] (= (secret-p1) 't')"], "sn_maxd3_00278": [":epistemic $ b [a] - b [d] - b [b] (= (secret-p1) 't')"], "sn_maxd3_00204": [":epistemic $ b [a] + b [b] + b [c] (= (secret-p1) 't')"], "sn_maxd3_00729": [":epistemic $ b [c] $ b [b] + b [d] (= (secret-p1) 't')"], "sn_maxd3_00453": [":epistemic $ b [b] $ b [a] + b [b] (= (secret-p1) 't')"], "sn_maxd3_00602": [":epistemic - b [b] - b [d] - b [b] (= (secret-p1) 't')"], "sn_maxd3_00048": [":epistemic $ b [b] + b [a] (= (secret-p1) 't')"], "sn_maxd3_00159": [":epistemic + b [a] $ b [c] + b [b] (= (secret-p1) 't')"], "sn_maxd3_00509": [":epistemic $ b [b] $ b [d] - b [a] (= (secret-p1) 't')"], "sn_maxd3_00209": [":epistemic $ b [a] + b [b] - b [d] (= (secret-p1) 't')"], "sn_maxd3_00901": [":epistemic + b [d] - b [b] $ b [d] (= (secret-p1) 't')"], "sn_maxd3_00136": [":epistemic + b [a] $ b [b] $ b [d] (= (secret-p1) 't')"], "sn_maxd3_00955": [":epistemic $ b [d] - b [a] $ b [d] (= (secret-p1) 't')"], "sn_maxd3_00689": [":epistemic $ b [c] + b [a] - b [b] (= (secret-p1) 't')"], "sn_maxd3_00815": [":epistemic - b [c] - b [b] - b [a] (= (secret-p1) 't')"], "sn_maxd3_00134": [":epistemic + b [a] $ b [b] - b [c] (= (secret-p1) 't')"], "sn_maxd3_00075": [":epistemic $ b [c] + b [a] (= (secret-p1) 't')"], "sn_maxd3_00749": [":epistemic $ b [c] + b [d] - b [c] (= (secret-p1) 't')"], "sn_maxd3_00905": [":epistemic + b [d] + b [c] - b [a] (= (secret-p1) 't')"], "sn_maxd3_00255": [":epistemic $ b [a] + b [d] + b [a] (= (secret-p1) 't')"], "sn_maxd3_00947": [":epistemic $ b [d] $ b [a] - b [d] (= (secret-p1) 't')"], "sn_maxd3_00454": [":epistemic $ b [b] $ b [a] $ b [b] (= (secret-p1) 't')"], "sn_maxd3_00677": [":epistemic + b [c] $ b [d] - b [c] (= (secret-p1) 't')"], "sn_maxd3_00493": [":epistemic $ b [b] - b [c] $ b [b] (= (secret-p1) 't')"], "sn_maxd3_00968": [":epistemic $ b [d] $ b [b] - b [a] (= (secret-p1) 't')"], "sn_maxd3_00269": [":epistemic $ b [a] $ b [d] - b [b] (= (secret-p1) 't')"], "sn_maxd3_00939": [":epistemic $ b [d] $ b [a] + b [b] (= (secret-p1) 't')"], "sn_maxd3_00202": [":epistemic $ b [a] + b [b] $ b [a] (= (secret-p1) 't')"], "sn_maxd3_00077": [":epistemic $ b [c] - b [a] (= (secret-p1) 't')"], "sn_maxd3_00082": [":epistemic $ b [c] $ b [d] (= (secret-p1) 't')"], "sn_maxd3_00750": [":epistemic $ b [c] $ b [d] + b [a] (= (secret-p1) 't')"], "sn_maxd3_00427": [":epistemic + b [b] $ b [d] $ b [a] (= (secret-p1) 't')"], "sn_maxd3_01012": [":epistemic - b [d] + b [a] $ b [b] (= (secret-p1) 't')"], "sn_maxd3_00108": [":epistemic $ b [d] + b [c] (= (secret-p1) 't')"], "sn_maxd3_01005": [":epistemic $ b [d] - b [c] + b [b] (= (secret-p1) 't')"], "sn_maxd3_00859": [":epistemic + b [d] $ b [a] $ b [b] (= (secret-p1) 't')"], "sn_maxd3_01031": [":epistemic - b [d] - b [a] - b [b] (= (secret-p1) 't')"], "sn_maxd3_00996": [":epistemic $ b [d] $ b [c] + b [b] (= (secret-p1) 't')"], "sn_maxd3_00428": [":epistemic + b [b] $ b [d] - b [a] (= (secret-p1) 't')"], "sn_maxd3_00483": [":epistemic $ b [b] $ b [c] + b [b] (= (secret-p1) 't')"], "sn_maxd3_01088": [":epistemic - b [d] - b [c] - b [b] (= (secret-p1) 't')"], "sn_maxd3_00432": [":epistemic + b [b] $ b [d] + b [c] (= (secret-p1) 't')"], "sn_maxd3_00190": [":epistemic + b [a] $ b [d] $ b [c] (= (secret-p1) 't')"], "sn_maxd3_00521": [":epistemic $ b [b] - b [d] - b [b] (= (secret-p1) 't')"], "sn_maxd3_00188": [":epistemic + b [a] $ b [d] - b [b] (= (secret-p1) 't')"], "sn_maxd3_00765": [":epistemic $ b [c] - b [d] + b [c] (= (secret-p1) 't')"], "sn_maxd3_00731": [":epistemic $ b [c] $ b [b] - b [d] (= (secret-p1) 't')"], "sn_maxd3_00572": [":epistemic - b [b] - b [c] - b [a] (= (secret-p1) 't')"], "sn_maxd3_00851": [":epistemic + b [d] + b [a] - b [b] (= (secret-p1) 't')"], "sn_maxd3_00707": [":epistemic $ b [c] - b [a] - b [b] (= (secret-p1) 't')"], "sn_maxd3_00499": [":epistemic $ b [b] + b [d] $ b [a] (= (secret-p1) 't')"], "sn_maxd3_00239": [":epistemic $ b [a] $ b [c] - b [a] (= (secret-p1) 't')"], "sn_maxd3_00417": [":epistemic + b [b] + b [d] + b [a] (= (secret-p1) 't')"], "sn_maxd3_01010": [":epistemic $ b [d] - b [c] - b [d] (= (secret-p1) 't')"], "sn_maxd3_00695": [":epistemic $ b [c] + b [a] - b [d] (= (secret-p1) 't')"], "sn_maxd3_00893": [":epistemic + b [d] $ b [b] - b [d] (= (secret-p1) 't')"], "sn_maxd3_00242": [":epistemic $ b [a] $ b [c] - b [b] (= (secret-p1) 't')"], "sn_maxd3_00238": [":epistemic $ b [a] $ b [c] $ b [a] (= (secret-p1) 't')"], "sn_maxd3_00289": [":epistemic - b [a] + b [b] $ b [d] (= (secret-p1) 't')"], "sn_maxd3_00691": [":epistemic $ b [c] + b [a] $ b [c] (= (secret-p1) 't')"], "sn_maxd3_00757": [":epistemic $ b [c] $ b [d] $ b [c] (= (secret-p1) 't')"], "sn_maxd3_00129": [":epistemic + b [a] $ b [b] + b [a] (= (secret-p1) 't')"], "sn_maxd3_00258": [":epistemic $ b [a] + b [d] + b [b] (= (secret-p1) 't')"], "sn_maxd3_00958": [":epistemic $ b [d] + b [b] $ b [a] (= (secret-p1) 't')"], "sn_maxd3_00280": [":epistemic $ b [a] - b [d] $ b [c] (= (secret-p1) 't')"], "sn_maxd3_00126": [":epistemic + b [a] + b [b] + b [d] (= (secret-p1) 't')"], "sn_maxd3_00917": [":epistemic + b [d] $ b [c] - b [b] (= (secret-p1) 't')"], "sn_maxd3_00755": [":epistemic $ b [c] $ b [d] - b [b] (= (secret-p1) 't')"], "sn_maxd3_00698": [":epistemic $ b [c] $ b [a] - b [b] (= (secret-p1) 't')"], "sn_maxd3_00518": [":epistemic $ b [b] - b [d] - b [a] (= (secret-p1) 't')"], "sn_maxd3_00888": [":epistemic + b [d] $ b [b] + b [c] (= (secret-p1) 't')"], "sn_maxd3_00981": [":epistemic $ b [d] - b [b] + b [d] (= (secret-p1) 't')"], "sn_maxd3_00458": [":epistemic $ b [b] $ b [a] - b [c] (= (secret-p1) 't')"], "sn_maxd3_00687": [":epistemic $ b [c] + b [a] + b [b] (= (secret-p1) 't')"], "sn_maxd3_00145": [":epistemic + b [a] - b [b] $ b [d] (= (secret-p1) 't')"], "sn_maxd3_00741": [":epistemic $ b [c] + b [d] + b [a] (= (secret-p1) 't')"], "sn_maxd3_00376": [":epistemic + b [b] $ b [a] $ b [c] (= (secret-p1) 't')"], "sn_maxd3_00512": [":epistemic $ b [b] $ b [d] - b [b] (= (secret-p1) 't')"], "sn_maxd3_00615": [":epistemic + b [c] $ b [a] + b [b] (= (secret-p1) 't')"], "sn_maxd3_00215": [":epistemic $ b [a] $ b [b] - b [c] (= (secret-p1) 't')"], "sn_maxd3_00406": [":epistemic + b [b] $ b [c] $ b [d] (= (secret-p1) 't')"], "sn_maxd3_00514": [":epistemic $ b [b] $ b [d] $ b [c] (= (secret-p1) 't')"], "sn_maxd3_00638": [":epistemic + b [c] + b [b] - b [c] (= (secret-p1) 't')"], "sn_maxd3_00451": [":epistemic $ b [b] + b [a] $ b [d] (= (secret-p1) 't')"], "sn_maxd3_00051": [":epistemic $ b [b] + b [c] (= (secret-p1) 't')"], "sn_maxd3_00946": [":epistemic $ b [d] $ b [a] $ b [d] (= (secret-p1) 't')"], "sn_maxd3_00700": [":epistemic $ b [c] $ b [a] $ b [c] (= (secret-p1) 't')"], "sn_maxd3_00724": [":epistemic $ b [c] $ b [b] $ b [a] (= (secret-p1) 't')"], "sn_maxd3_00675": [":epistemic + b [c] $ b [d] + b [c] (= (secret-p1) 't')"], "sn_maxd3_00268": [":epistemic $ b [a] $ b [d] $ b [b] (= (secret-p1) 't')"], "sn_maxd3_00952": [":epistemic $ b [d] - b [a] $ b [c] (= (secret-p1) 't')"], "sn_maxd3_00419": [":epistemic + b [b] + b [d] - b [a] (= (secret-p1) 't')"], "sn_maxd3_00919": [":epistemic + b [d] $ b [c] $ b [d] (= (secret-p1) 't')"], "sn_maxd3_00706": [":epistemic $ b [c] - b [a] $ b [b] (= (secret-p1) 't')"], "sn_maxd3_00402": [":epistemic + b [b] $ b [c] + b [b] (= (secret-p1) 't')"], "sn_maxd3_00745": [":epistemic $ b [c] + b [d] $ b [b] (= (secret-p1) 't')"], "sn_maxd3_00878": [":epistemic + b [d] + b [b] - b [a] (= (secret-p1) 't')"], "sn_maxd3_00277": [":epistemic $ b [a] - b [d] $ b [b] (= (secret-p1) 't')"], "sn_maxd3_00213": [":epistemic $ b [a] $ b [b] + b [c] (= (secret-p1) 't')"], "sn_maxd3_00101": [":epistemic + b [d] - b [c] (= (secret-p1) 't')"], "sn_maxd3_00713": [":epistemic $ b [c] - b [a] - b [d] (= (secret-p1) 't')"], "sn_maxd3_00950": [":epistemic $ b [d] - b [a] - b [b] (= (secret-p1) 't')"], "sn_maxd3_00703": [":epistemic $ b [c] $ b [a] $ b [d] (= (secret-p1) 't')"], "sn_maxd3_00735": [":epistemic $ b [c] - b [b] + b [c] (= (secret-p1) 't')"], "sn_maxd3_00163": [":epistemic + b [a] $ b [c] $ b [d] (= (secret-p1) 't')"], "sn_maxd3_00861": [":epistemic + b [d] $ b [a] + b [c] (= (secret-p1) 't')"], "sn_maxd3_00102": [":epistemic $ b [d] + b [a] (= (secret-p1) 't')"], "sn_maxd3_01064": [":epistemic - b [d] - b [b] - b [d] (= (secret-p1) 't')"], "sn_maxd3_00229": [":epistemic $ b [a] + b [c] $ b [a] (= (secret-p1) 't')"], "sn_maxd3_00911": [":epistemic + b [d] + b [c] - b [d] (= (secret-p1) 't')"], "sn_maxd3_00125": [":epistemic + b [a] + b [b] - b [c] (= (secret-p1) 't')"], "sn_maxd3_00865": [":epistemic + b [d] $ b [a] $ b [d] (= (secret-p1) 't')"], "sn_maxd3_00916": [":epistemic + b [d] $ b [c] $ b [b] (= (secret-p1) 't')"], "sn_maxd3_00132": [":epistemic + b [a] $ b [b] + b [c] (= (secret-p1) 't')"], "sn_maxd3_00858": [":epistemic + b [d] $ b [a] + b [b] (= (secret-p1) 't')"], "sn_maxd3_00933": [":epistemic $ b [d] + b [a] + b [c] (= (secret-p1) 't')"], "sn_maxd3_00183": [":epistemic + b [a] $ b [d] + b [a] (= (secret-p1) 't')"], "sn_maxd3_00551": [":epistemic - b [b] - b [a] - b [d] (= (secret-p1) 't')"], "sn_maxd3_00279": [":epistemic $ b [a] - b [d] + b [c] (= (secret-p1) 't')"], "sn_maxd3_00122": [":epistemic + b [a] + b [b] - b [a] (= (secret-p1) 't')"], "sn_maxd3_00973": [":epistemic $ b [d] $ b [b] $ b [d] (= (secret-p1) 't')"], "sn_maxd3_00186": [":epistemic + b [a] $ b [d] + b [b] (= (secret-p1) 't')"], "sn_maxd3_00925": [":epistemic + b [d] - b [c] $ b [b] (= (secret-p1) 't')"], "sn_maxd3_00758": [":epistemic $ b [c] $ b [d] - b [c] (= (secret-p1) 't')"], "sn_maxd3_00989": [":epistemic $ b [d] + b [c] - b [b] (= (secret-p1) 't')"], "sn_maxd3_00217": [":epistemic $ b [a] $ b [b] $ b [d] (= (secret-p1) 't')"], "sn_maxd3_00642": [":epistemic + b [c] $ b [b] + b [a] (= (secret-p1) 't')"], "sn_maxd3_00751": [":epistemic $ b [c] $ b [d] $ b [a] (= (secret-p1) 't')"], "sn_maxd3_00723": [":epistemic $ b [c] $ b [b] + b [a] (= (secret-p1) 't')"], "sn_maxd3_00399": [":epistemic + b [b] $ b [c] + b [a] (= (secret-p1) 't')"], "sn_maxd3_00071": [":epistemic + b [c] - b [b] (= (secret-p1) 't')"], "sn_maxd3_00047": [":epistemic + b [b] - b [d] (= (secret-p1) 't')"], "sn_maxd3_00986": [":epistemic $ b [d] + b [c] - b [a] (= (secret-p1) 't')"], "sn_maxd3_00184": [":epistemic + b [a] $ b [d] $ b [a] (= (secret-p1) 't')"], "sn_maxd3_00398": [":epistemic + b [b] + b [c] - b [d] (= (secret-p1) 't')"], "sn_maxd3_00452": [":epistemic $ b [b] + b [a] - b [d] (= (secret-p1) 't')"], "sn_maxd3_00938": [":epistemic $ b [d] + b [a] - b [d] (= (secret-p1) 't')"], "sn_maxd3_01069": [":epistemic - b [d] + b [c] $ b [b] (= (secret-p1) 't')"], "sn_maxd3_00461": [":epistemic $ b [b] $ b [a] - b [d] (= (secret-p1) 't')"], "sn_maxd3_00753": [":epistemic $ b [c] $ b [d] + b [b] (= (secret-p1) 't')"], "sn_maxd3_00648": [":epistemic + b [c] $ b [b] + b [d] (= (secret-p1) 't')"], "sn_maxd3_00696": [":epistemic $ b [c] $ b [a] + b [b] (= (secret-p1) 't')"], "sn_maxd3_00221": [":epistemic $ b [a] - b [b] - b [a] (= (secret-p1) 't')"], "sn_maxd3_00250": [":epistemic $ b [a] - b [c] $ b [b] (= (secret-p1) 't')"], "sn_maxd3_00605": [":epistemic - b [b] - b [d] - b [c] (= (secret-p1) 't')"], "sn_maxd3_01062": [":epistemic - b [d] - b [b] + b [d] (= (secret-p1) 't')"], "sn_maxd3_00505": [":epistemic $ b [b] + b [d] $ b [c] (= (secret-p1) 't')"], "sn_maxd3_00953": [":epistemic $ b [d] - b [a] - b [c] (= (secret-p1) 't')"], "sn_maxd3_00098": [":epistemic + b [d] - b [b] (= (secret-p1) 't')"], "sn_maxd3_00359": [":epistemic - b [a] - b [d] - b [b] (= (secret-p1) 't')"], "sn_maxd3_00423": [":epistemic + b [b] + b [d] + b [c] (= (secret-p1) 't')"], "sn_maxd3_00161": [":epistemic + b [a] $ b [c] - b [b] (= (secret-p1) 't')"], "sn_maxd3_00164": [":epistemic + b [a] $ b [c] - b [d] (= (secret-p1) 't')"], "sn_maxd3_00578": [":epistemic - b [b] - b [c] - b [d] (= (secret-p1) 't')"], "sn_maxd3_00079": [":epistemic $ b [c] $ b [b] (= (secret-p1) 't')"], "sn_maxd3_00995": [":epistemic $ b [d] $ b [c] - b [a] (= (secret-p1) 't')"], "sn_maxd3_00747": [":epistemic $ b [c] + b [d] + b [c] (= (secret-p1) 't')"], "sn_maxd3_00442": [":epistemic + b [b] - b [d] $ b [c] (= (secret-p1) 't')"], "sn_maxd3_00766": [":epistemic $ b [c] - b [d] $ b [c] (= (secret-p1) 't')"], "sn_maxd3_00767": [":epistemic $ b [c] - b [d] - b [c] (= (secret-p1) 't')"], "sn_maxd3_00463": [":epistemic $ b [b] - b [a] $ b [b] (= (secret-p1) 't')"], "sn_maxd3_00979": [":epistemic $ b [d] - b [b] $ b [c] (= (secret-p1) 't')"], "sn_maxd3_00490": [":epistemic $ b [b] - b [c] $ b [a] (= (secret-p1) 't')"], "sn_maxd3_00693": [":epistemic $ b [c] + b [a] + b [d] (= (secret-p1) 't')"], "sn_maxd3_00369": [":epistemic + b [b] + b [a] + b [d] (= (secret-p1) 't')"], "sn_maxd3_00931": [":epistemic $ b [d] + b [a] $ b [b] (= (secret-p1) 't')"], "sn_maxd3_00226": [":epistemic $ b [a] - b [b] $ b [d] (= (secret-p1) 't')"], "sn_maxd3_00014": [":epistemic + b [a] - b [b] (= (secret-p1) 't')"], "sn_maxd3_00495": [":epistemic $ b [b] - b [c] + b [d] (= (secret-p1) 't')"], "sn_maxd3_00716": [":epistemic $ b [c] + b [b] - b [a] (= (secret-p1) 't')"], "sn_maxd3_00053": [":epistemic $ b [b] - b [c] (= (secret-p1) 't')"], "sn_maxd3_01002": [":epistemic $ b [d] - b [c] + b [a] (= (secret-p1) 't')"], "sn_maxd3_00485": [":epistemic $ b [b] $ b [c] - b [b] (= (secret-p1) 't')"], "sn_maxd3_00083": [":epistemic $ b [c] - b [d] (= (secret-p1) 't')"], "sn_maxd3_00332": [":epistemic - b [a] - b [c] - b [b] (= (secret-p1) 't')"], "sn_maxd3_00157": [":epistemic + b [a] $ b [c] $ b [a] (= (secret-p1) 't')"], "sn_maxd3_00586": [":epistemic - b [b] + b [d] $ b [c] (= (secret-p1) 't')"], "sn_maxd3_00510": [":epistemic $ b [b] $ b [d] + b [b] (= (secret-p1) 't')"], "sn_maxd3_00645": [":epistemic + b [c] $ b [b] + b [c] (= (secret-p1) 't')"], "sn_maxd3_00251": [":epistemic $ b [a] - b [c] - b [b] (= (secret-p1) 't')"], "sn_maxd3_00622": [":epistemic + b [c] $ b [a] $ b [d] (= (secret-p1) 't')"], "sn_maxd3_00726": [":epistemic $ b [c] $ b [b] + b [c] (= (secret-p1) 't')"], "sn_maxd3_00260": [":epistemic $ b [a] + b [d] - b [b] (= (secret-p1) 't')"], "sn_maxd3_00862": [":epistemic + b [d] $ b [a] $ b [c] (= (secret-p1) 't')"], "sn_maxd3_00205": [":epistemic $ b [a] + b [b] $ b [c] (= (secret-p1) 't')"], "sn_maxd3_00616": [":epistemic + b [c] $ b [a] $ b [b] (= (secret-p1) 't')"], "sn_maxd3_00223": [":epistemic $ b [a] - b [b] $ b [c] (= (secret-p1) 't')"], "sn_maxd3_01008": [":epistemic $ b [d] - b [c] + b [d] (= (secret-p1) 't')"], "sn_maxd3_00650": [":epistemic + b [c] $ b [b] - b [d] (= (secret-p1) 't')"], "sn_maxd3_00257": [":epistemic $ b [a] + b [d] - b [a] (= (secret-p1) 't')"], "sn_maxd3_00271": [":epistemic $ b [a] $ b [d] $ b [c] (= (secret-p1) 't')"], "sn_maxd3_00970": [":epistemic $ b [d] $ b [b] $ b [c] (= (secret-p1) 't')"], "sn_maxd3_00559": [":epistemic - b [b] + b [c] $ b [d] (= (secret-p1) 't')"], "sn_maxd3_00228": [":epistemic $ b [a] + b [c] + b [a] (= (secret-p1) 't')"], "sn_maxd3_00074": [":epistemic + b [c] - b [d] (= (secret-p1) 't')"], "sn_maxd3_00665": [":epistemic + b [c] + b [d] - b [b] (= (secret-p1) 't')"], "sn_maxd3_00274": [":epistemic $ b [a] - b [d] $ b [a] (= (secret-p1) 't')"], "sn_maxd3_00517": [":epistemic $ b [b] - b [d] $ b [a] (= (secret-p1) 't')"], "sn_maxd3_00762": [":epistemic $ b [c] - b [d] + b [b] (= (secret-p1) 't')"], "sn_maxd3_00396": [":epistemic + b [b] + b [c] + b [d] (= (secret-p1) 't')"], "sn_maxd3_00487": [":epistemic $ b [b] $ b [c] $ b [d] (= (secret-p1) 't')"], "sn_maxd3_00266": [":epistemic $ b [a] $ b [d] - b [a] (= (secret-p1) 't')"], "sn_maxd3_00022": [":epistemic $ b [a] $ b [b] (= (secret-p1) 't')"], "sn_maxd3_00524": [":epistemic $ b [b] - b [d] - b [c] (= (secret-p1) 't')"], "sn_maxd3_00152": [":epistemic + b [a] + b [c] - b [b] (= (secret-p1) 't')"], "sn_maxd3_00436": [":epistemic + b [b] - b [d] $ b [a] (= (secret-p1) 't')"], "sn_maxd3_00759": [":epistemic $ b [c] - b [d] + b [a] (= (secret-p1) 't')"], "sn_maxd3_00966": [":epistemic $ b [d] $ b [b] + b [a] (= (secret-p1) 't')"], "sn_maxd3_00029": [":epistemic $ b [a] - b [d] (= (secret-p1) 't')"], "sn_maxd3_00548": [":epistemic - b [b] - b [a] - b [c] (= (secret-p1) 't')"], "sn_maxd3_00472": [":epistemic $ b [b] + b [c] $ b [a] (= (secret-p1) 't')"], "sn_maxd3_00362": [":epistemic - b [a] - b [d] - b [c] (= (secret-p1) 't')"], "sn_maxd3_00128": [":epistemic + b [a] + b [b] - b [d] (= (secret-p1) 't')"], "sn_maxd3_00845": [":epistemic - b [c] - b [d] - b [b] (= (secret-p1) 't')"], "sn_maxd3_00881": [":epistemic + b [d] + b [b] - b [c] (= (secret-p1) 't')"], "sn_maxd3_00906": [":epistemic + b [d] + b [c] + b [b] (= (secret-p1) 't')"], "sn_maxd3_00455": [":epistemic $ b [b] $ b [a] - b [b] (= (secret-p1) 't')"], "sn_maxd3_00179": [":epistemic + b [a] + b [d] - b [b] (= (secret-p1) 't')"], "sn_maxd3_00688": [":epistemic $ b [c] + b [a] $ b [b] (= (secret-p1) 't')"], "sn_maxd3_00647": [":epistemic + b [c] $ b [b] - b [c] (= (secret-p1) 't')"], "sn_maxd3_00426": [":epistemic + b [b] $ b [d] + b [a] (= (secret-p1) 't')"], "sn_maxd3_00849": [":epistemic + b [d] + b [a] + b [b] (= (secret-p1) 't')"], "sn_maxd3_00357": [":epistemic - b [a] - b [d] + b [b] (= (secret-p1) 't')"], "sn_maxd3_00027": [":epistemic $ b [a] + b [d] (= (secret-p1) 't')"], "sn_maxd3_00732": [":epistemic $ b [c] - b [b] + b [a] (= (secret-p1) 't')"], "sn_maxd3_00646": [":epistemic + b [c] $ b [b] $ b [c] (= (secret-p1) 't')"], "sn_maxd3_00149": [":epistemic + b [a] + b [c] - b [a] (= (secret-p1) 't')"], "sn_maxd3_00709": [":epistemic $ b [c] - b [a] $ b [c] (= (secret-p1) 't')"], "sn_maxd3_00722": [":epistemic $ b [c] + b [b] - b [d] (= (secret-p1) 't')"], "sn_maxd3_00005": [":epistemic - b [b] (= (secret-p1) 't')"], "sn_maxd3_01042": [":epistemic - b [d] + b [b] $ b [c] (= (secret-p1) 't')"], "sn_maxd3_00738": [":epistemic $ b [c] - b [b] + b [d] (= (secret-p1) 't')"], "sn_maxd3_00682": [":epistemic + b [c] - b [d] $ b [b] (= (secret-p1) 't')"], "sn_maxd3_00920": [":epistemic + b [d] $ b [c] - b [d] (= (secret-p1) 't')"], "sn_maxd3_00944": [":epistemic $ b [d] $ b [a] - b [c] (= (secret-p1) 't')"], "sn_maxd3_00489": [":epistemic $ b [b] - b [c] + b [a] (= (secret-p1) 't')"], "sn_maxd3_00308": [":epistemic - b [a] - b [b] - b [d] (= (secret-p1) 't')"], "sn_maxd3_00218": [":epistemic $ b [a] $ b [b] - b [d] (= (secret-p1) 't')"], "sn_maxd3_00621": [":epistemic + b [c] $ b [a] + b [d] (= (secret-p1) 't')"], "sn_maxd3_00549": [":epistemic - b [b] - b [a] + b [d] (= (secret-p1) 't')"], "sn_maxd3_00068": [":epistemic + b [c] - b [a] (= (secret-p1) 't')"], "sn_maxd3_00488": [":epistemic $ b [b] $ b [c] - b [d] (= (secret-p1) 't')"], "sn_maxd3_00233": [":epistemic $ b [a] + b [c] - b [b] (= (secret-p1) 't')"], "sn_maxd3_00740": [":epistemic $ b [c] - b [b] - b [d] (= (secret-p1) 't')"], "sn_maxd3_00516": [":epistemic $ b [b] - b [d] + b [a] (= (secret-p1) 't')"], "sn_maxd3_00930": [":epistemic $ b [d] + b [a] + b [b] (= (secret-p1) 't')"], "sn_maxd3_00227": [":epistemic $ b [a] - b [b] - b [d] (= (secret-p1) 't')"], "sn_maxd3_00456": [":epistemic $ b [b] $ b [a] + b [c] (= (secret-p1) 't')"], "sn_maxd3_00690": [":epistemic $ b [c] + b [a] + b [c] (= (secret-p1) 't')"], "sn_maxd3_00649": [":epistemic + b [c] $ b [b] $ b [d] (= (secret-p1) 't')"], "sn_maxd3_00104": [":epistemic $ b [d] - b [a] (= (secret-p1) 't')"], "sn_maxd3_00737": [":epistemic $ b [c] - b [b] - b [c] (= (secret-p1) 't')"], "sn_maxd3_00993": [":epistemic $ b [d] $ b [c] + b [a] (= (secret-p1) 't')"], "sn_maxd3_00978": [":epistemic $ b [d] - b [b] + b [c] (= (secret-p1) 't')"], "sn_maxd3_00076": [":epistemic $ b [c] $ b [a] (= (secret-p1) 't')"], "sn_maxd3_00705": [":epistemic $ b [c] - b [a] + b [b] (= (secret-p1) 't')"], "sn_maxd3_00415": [":epistemic + b [b] - b [c] $ b [d] (= (secret-p1) 't')"], "sn_maxd3_00721": [":epistemic $ b [c] + b [b] $ b [d] (= (secret-p1) 't')"], "sn_maxd3_00727": [":epistemic $ b [c] $ b [b] $ b [c] (= (secret-p1) 't')"], "sn_maxd3_00971": [":epistemic $ b [d] $ b [b] - b [c] (= (secret-p1) 't')"], "sn_maxd3_00020": [":epistemic + b [a] - b [d] (= (secret-p1) 't')"], "sn_maxd3_00225": [":epistemic $ b [a] - b [b] + b [d] (= (secret-p1) 't')"], "sn_maxd3_00506": [":epistemic $ b [b] + b [d] - b [c] (= (secret-p1) 't')"], "sn_maxd3_00503": [":epistemic $ b [b] + b [d] - b [b] (= (secret-p1) 't')"], "sn_maxd3_00131": [":epistemic + b [a] $ b [b] - b [a] (= (secret-p1) 't')"], "sn_maxd3_00246": [":epistemic $ b [a] - b [c] + b [a] (= (secret-p1) 't')"], "sn_maxd3_00446": [":epistemic $ b [b] + b [a] - b [b] (= (secret-p1) 't')"], "sn_maxd3_00643": [":epistemic + b [c] $ b [b] $ b [a] (= (secret-p1) 't')"], "sn_maxd3_00711": [":epistemic $ b [c] - b [a] + b [d] (= (secret-p1) 't')"], "sn_maxd3_00405": [":epistemic + b [b] $ b [c] + b [d] (= (secret-p1) 't')"], "sn_maxd3_00465": [":epistemic $ b [b] - b [a] + b [c] (= (secret-p1) 't')"], "sn_maxd3_00267": [":epistemic $ b [a] $ b [d] + b [b] (= (secret-p1) 't')"], "sn_maxd3_00977": [":epistemic $ b [d] - b [b] - b [a] (= (secret-p1) 't')"], "sn_maxd3_00963": [":epistemic $ b [d] + b [b] + b [d] (= (secret-p1) 't')"], "sn_maxd3_00990": [":epistemic $ b [d] + b [c] + b [d] (= (secret-p1) 't')"], "sn_maxd3_00760": [":epistemic $ b [c] - b [d] $ b [a] (= (secret-p1) 't')"], "sn_maxd3_00951": [":epistemic $ b [d] - b [a] + b [c] (= (secret-p1) 't')"], "sn_maxd3_00378": [":epistemic + b [b] $ b [a] + b [d] (= (secret-p1) 't')"], "sn_maxd3_00270": [":epistemic $ b [a] $ b [d] + b [c] (= (secret-p1) 't')"], "sn_maxd3_00222": [":epistemic $ b [a] - b [b] + b [c] (= (secret-p1) 't')"], "sn_maxd3_00403": [":epistemic + b [b] $ b [c] $ b [b] (= (secret-p1) 't')"], "sn_maxd3_00096": [":epistemic + b [d] + b [b] (= (secret-p1) 't')"], "sn_maxd3_00486": [":epistemic $ b [b] $ b [c] + b [d] (= (secret-p1) 't')"], "sn_maxd3_00244": [":epistemic $ b [a] $ b [c] $ b [d] (= (secret-p1) 't')"], "sn_maxd3_00866": [":epistemic + b [d] $ b [a] - b [d] (= (secret-p1) 't')"], "sn_maxd3_00501": [":epistemic $ b [b] + b [d] + b [b] (= (secret-p1) 't')"], "sn_maxd3_00160": [":epistemic + b [a] $ b [c] $ b [b] (= (secret-p1) 't')"], "sn_maxd3_00306": [":epistemic - b [a] - b [b] + b [d] (= (secret-p1) 't')"], "sn_maxd3_00892": [":epistemic + b [d] $ b [b] $ b [d] (= (secret-p1) 't')"], "sn_maxd3_00949": [":epistemic $ b [d] - b [a] $ b [b] (= (secret-p1) 't')"], "sn_maxd3_00272": [":epistemic $ b [a] $ b [d] - b [c] (= (secret-p1) 't')"], "sn_maxd3_00969": [":epistemic $ b [d] $ b [b] + b [c] (= (secret-p1) 't')"], "sn_maxd3_00725": [":epistemic $ b [c] $ b [b] - b [a] (= (secret-p1) 't')"], "sn_maxd3_01007": [":epistemic $ b [d] - b [c] - b [b] (= (secret-p1) 't')"], "sn_maxd3_00694": [":epistemic $ b [c] + b [a] $ b [d] (= (secret-p1) 't')"], "sn_maxd3_00212": [":epistemic $ b [a] $ b [b] - b [a] (= (secret-p1) 't')"], "sn_maxd3_00404": [":epistemic + b [b] $ b [c] - b [b] (= (secret-p1) 't')"], "sn_maxd3_00388": [":epistemic + b [b] - b [a] $ b [d] (= (secret-p1) 't')"], "sn_maxd3_00918": [":epistemic + b [d] $ b [c] + b [d] (= (secret-p1) 't')"], "sn_maxd3_00669": [":epistemic + b [c] $ b [d] + b [a] (= (secret-p1) 't')"], "sn_maxd3_00431": [":epistemic + b [b] $ b [d] - b [b] (= (secret-p1) 't')"], "sn_maxd3_00739": [":epistemic $ b [c] - b [b] $ b [d] (= (secret-p1) 't')"], "sn_maxd3_00842": [":epistemic - b [c] - b [d] - b [a] (= (secret-p1) 't')"], "sn_maxd3_00219": [":epistemic $ b [a] - b [b] + b [a] (= (secret-p1) 't')"], "sn_maxd3_00373": [":epistemic + b [b] $ b [a] $ b [b] (= (secret-p1) 't')"], "sn_maxd3_00619": [":epistemic + b [c] $ b [a] $ b [c] (= (secret-p1) 't')"], "sn_maxd3_00137": [":epistemic + b [a] $ b [b] - b [d] (= (secret-p1) 't')"], "sn_maxd3_00379": [":epistemic + b [b] $ b [a] $ b [d] (= (secret-p1) 't')"], "sn_maxd3_00854": [":epistemic + b [d] + b [a] - b [c] (= (secret-p1) 't')"], "sn_maxd3_00498": [":epistemic $ b [b] + b [d] + b [a] (= (secret-p1) 't')"], "sn_maxd3_00044": [":epistemic + b [b] - b [c] (= (secret-p1) 't')"], "sn_maxd3_00788": [":epistemic - b [c] - b [a] - b [b] (= (secret-p1) 't')"], "sn_maxd3_00133": [":epistemic + b [a] $ b [b] $ b [c] (= (secret-p1) 't')"], "sn_maxd3_00480": [":epistemic $ b [b] $ b [c] + b [a] (= (secret-p1) 't')"], "sn_maxd3_00105": [":epistemic $ b [d] + b [b] (= (secret-p1) 't')"], "sn_maxd3_00041": [":epistemic + b [b] - b [a] (= (secret-p1) 't')"], "sn_maxd3_01059": [":epistemic - b [d] - b [b] + b [c] (= (secret-p1) 't')"], "sn_maxd3_00368": [":epistemic + b [b] + b [a] - b [c] (= (secret-p1) 't')"], "sn_maxd3_00819": [":epistemic - b [c] - b [b] + b [d] (= (secret-p1) 't')"], "sn_maxd3_00576": [":epistemic - b [b] - b [c] + b [d] (= (secret-p1) 't')"], "sn_maxd3_00496": [":epistemic $ b [b] - b [c] $ b [d] (= (secret-p1) 't')"], "sn_maxd3_00049": [":epistemic $ b [b] $ b [a] (= (secret-p1) 't')"], "sn_maxd3_00976": [":epistemic $ b [d] - b [b] $ b [a] (= (secret-p1) 't')"], "sn_maxd3_00262": [":epistemic $ b [a] + b [d] $ b [c] (= (secret-p1) 't')"], "sn_maxd3_00701": [":epistemic $ b [c] $ b [a] - b [c] (= (secret-p1) 't')"], "sn_maxd3_00482": [":epistemic $ b [b] $ b [c] - b [a] (= (secret-p1) 't')"], "sn_maxd3_00340": [":epistemic - b [a] + b [d] $ b [b] (= (secret-p1) 't')"], "sn_maxd3_00599": [":epistemic - b [b] - b [d] - b [a] (= (secret-p1) 't')"], "sn_maxd3_00459": [":epistemic $ b [b] $ b [a] + b [d] (= (secret-p1) 't')"], "sn_maxd3_00980": [":epistemic $ b [d] - b [b] - b [c] (= (secret-p1) 't')"], "sn_maxd3_00886": [":epistemic + b [d] $ b [b] $ b [a] (= (secret-p1) 't')"], "sn_maxd3_00674": [":epistemic + b [c] $ b [d] - b [b] (= (secret-p1) 't')"], "sn_maxd3_00462": [":epistemic $ b [b] - b [a] + b [b] (= (secret-p1) 't')"], "sn_maxd3_00597": [":epistemic - b [b] - b [d] + b [a] (= (secret-p1) 't')"], "sn_maxd3_00742": [":epistemic $ b [c] + b [d] $ b [a] (= (secret-p1) 't')"], "sn_maxd3_01091": [":epistemic - b [d] - b [c] - b [d] (= (secret-p1) 't')"], "sn_maxd3_00961": [":epistemic $ b [d] + b [b] $ b [c] (= (secret-p1) 't')"], "sn_maxd3_00252": [":epistemic $ b [a] - b [c] + b [d] (= (secret-p1) 't')"], "sn_maxd3_00623": [":epistemic + b [c] $ b [a] - b [d] (= (secret-p1) 't')"], "sn_maxd3_00231": [":epistemic $ b [a] + b [c] + b [b] (= (secret-p1) 't')"], "sn_maxd3_00617": [":epistemic + b [c] $ b [a] - b [b] (= (secret-p1) 't')"], "sn_maxd3_01009": [":epistemic $ b [d] - b [c] $ b [d] (= (secret-p1) 't')"], "sn_maxd3_00494": [":epistemic $ b [b] - b [c] - b [b] (= (secret-p1) 't')"], "sn_maxd3_00017": [":epistemic + b [a] - b [c] (= (secret-p1) 't')"], "sn_maxd3_00243": [":epistemic $ b [a] $ b [c] + b [d] (= (secret-p1) 't')"], "sn_maxd3_00429": [":epistemic + b [b] $ b [d] + b [b] (= (secret-p1) 't')"], "sn_maxd3_00879": [":epistemic + b [d] + b [b] + b [c] (= (secret-p1) 't')"], "sn_maxd3_00940": [":epistemic $ b [d] $ b [a] $ b [b] (= (secret-p1) 't')"], "sn_maxd3_00889": [":epistemic + b [d] $ b [b] $ b [c] (= (secret-p1) 't')"], "sn_maxd3_00857": [":epistemic + b [d] + b [a] - b [d] (= (secret-p1) 't')"], "sn_maxd3_00868": [":epistemic + b [d] - b [a] $ b [b] (= (secret-p1) 't')"], "sn_maxd3_00942": [":epistemic $ b [d] $ b [a] + b [c] (= (secret-p1) 't')"], "sn_maxd3_00474": [":epistemic $ b [b] + b [c] + b [b] (= (secret-p1) 't')"], "sn_maxd3_00196": [":epistemic + b [a] - b [d] $ b [b] (= (secret-p1) 't')"], "sn_maxd3_01029": [":epistemic - b [d] - b [a] + b [b] (= (secret-p1) 't')"], "sn_maxd3_00377": [":epistemic + b [b] $ b [a] - b [c] (= (secret-p1) 't')"], "sn_maxd3_00447": [":epistemic $ b [b] + b [a] + b [c] (= (secret-p1) 't')"], "sn_maxd3_00515": [":epistemic $ b [b] $ b [d] - b [c] (= (secret-p1) 't')"], "sn_maxd3_00401": [":epistemic + b [b] $ b [c] - b [a] (= (secret-p1) 't')"], "sn_maxd3_01058": [":epistemic - b [d] - b [b] - b [a] (= (secret-p1) 't')"], "sn_maxd3_00002": [":epistemic - b [a] (= (secret-p1) 't')"], "sn_maxd3_00887": [":epistemic + b [d] $ b [b] - b [a] (= (secret-p1) 't')"], "sn_maxd3_00520": [":epistemic $ b [b] - b [d] $ b [b] (= (secret-p1) 't')"], "sn_maxd3_00372": [":epistemic + b [b] $ b [a] + b [b] (= (secret-p1) 't')"], "sn_maxd3_00371": [":epistemic + b [b] + b [a] - b [d] (= (secret-p1) 't')"], "sn_maxd3_01039": [":epistemic - b [d] + b [b] $ b [a] (= (secret-p1) 't')"], "sn_maxd3_00162": [":epistemic + b [a] $ b [c] + b [d] (= (secret-p1) 't')"], "sn_maxd3_00471": [":epistemic $ b [b] + b [c] + b [a] (= (secret-p1) 't')"], "sn_maxd3_00392": [":epistemic + b [b] + b [c] - b [a] (= (secret-p1) 't')"], "sn_maxd3_00356": [":epistemic - b [a] - b [d] - b [a] (= (secret-p1) 't')"], "sn_maxd3_00987": [":epistemic $ b [d] + b [c] + b [b] (= (secret-p1) 't')"], "sn_maxd3_00207": [":epistemic $ b [a] + b [b] + b [d] (= (secret-p1) 't')"], "sn_maxd3_00959": [":epistemic $ b [d] + b [b] - b [a] (= (secret-p1) 't')"], "sn_maxd3_00708": [":epistemic $ b [c] - b [a] + b [c] (= (secret-p1) 't')"], "sn_maxd3_00575": [":epistemic - b [b] - b [c] - b [b] (= (secret-p1) 't')"], "sn_maxd3_00890": [":epistemic + b [d] $ b [b] - b [c] (= (secret-p1) 't')"], "sn_maxd3_00052": [":epistemic $ b [b] $ b [c] (= (secret-p1) 't')"], "sn_maxd3_00248": [":epistemic $ b [a] - b [c] - b [a] (= (secret-p1) 't')"], "sn_maxd3_00425": [":epistemic + b [b] + b [d] - b [c] (= (secret-p1) 't')"], "sn_maxd3_00247": [":epistemic $ b [a] - b [c] $ b [a] (= (secret-p1) 't')"], "sn_maxd3_00439": [":epistemic + b [b] - b [d] $ b [b] (= (secret-p1) 't')"], "sn_maxd3_00988": [":epistemic $ b [d] + b [c] $ b [b] (= (secret-p1) 't')"], "sn_maxd3_00445": [":epistemic $ b [b] + b [a] $ b [b] (= (secret-p1) 't')"], "sn_maxd3_00302": [":epistemic - b [a] - b [b] - b [a] (= (secret-p1) 't')"], "sn_maxd3_00008": [":epistemic - b [c] (= (secret-p1) 't')"], "sn_maxd3_00818": [":epistemic - b [c] - b [b] - b [c] (= (secret-p1) 't')"], "sn_maxd3_00110": [":epistemic $ b [d] - b [c] (= (secret-p1) 't')"], "sn_maxd3_00256": [":epistemic $ b [a] + b [d] $ b [a] (= (secret-p1) 't')"], "sn_maxd3_00374": [":epistemic + b [b] $ b [a] - b [b] (= (secret-p1) 't')"], "sn_maxd3_00718": [":epistemic $ b [c] + b [b] $ b [c] (= (secret-p1) 't')"], "sn_maxd3_00023": [":epistemic $ b [a] - b [b] (= (secret-p1) 't')"], "sn_maxd3_00957": [":epistemic $ b [d] + b [b] + b [a] (= (secret-p1) 't')"], "sn_maxd3_00249": [":epistemic $ b [a] - b [c] + b [b] (= (secret-p1) 't')"], "sn_maxd3_00936": [":epistemic $ b [d] + b [a] + b [d] (= (secret-p1) 't')"], "sn_maxd3_00891": [":epistemic + b [d] $ b [b] + b [d] (= (secret-p1) 't')"], "sn_maxd3_00224": [":epistemic $ b [a] - b [b] - b [c] (= (secret-p1) 't')"], "sn_maxd3_00155": [":epistemic + b [a] + b [c] - b [d] (= (secret-p1) 't')"], "sn_maxd3_00821": [":epistemic - b [c] - b [b] - b [d] (= (secret-p1) 't')"], "sn_maxd3_00511": [":epistemic $ b [b] $ b [d] $ b [b] (= (secret-p1) 't')"], "sn_maxd3_00365": [":epistemic + b [b] + b [a] - b [b] (= (secret-p1) 't')"], "sn_maxd3_00763": [":epistemic $ b [c] - b [d] $ b [b] (= (secret-p1) 't')"], "sn_maxd3_00994": [":epistemic $ b [d] $ b [c] $ b [a] (= (secret-p1) 't')"], "sn_maxd3_01085": [":epistemic - b [d] - b [c] - b [a] (= (secret-p1) 't')"], "sn_maxd3_00972": [":epistemic $ b [d] $ b [b] + b [d] (= (secret-p1) 't')"], "sn_maxd3_00522": [":epistemic $ b [b] - b [d] + b [c] (= (secret-p1) 't')"], "sn_maxd3_00273": [":epistemic $ b [a] - b [d] + b [a] (= (secret-p1) 't')"], "sn_maxd3_00449": [":epistemic $ b [b] + b [a] - b [c] (= (secret-p1) 't')"], "sn_maxd3_00912": [":epistemic + b [d] $ b [c] + b [a] (= (secret-p1) 't')"], "sn_maxd3_00743": [":epistemic $ b [c] + b [d] - b [a] (= (secret-p1) 't')"], "sn_maxd3_00791": [":epistemic - b [c] - b [a] - b [c] (= (secret-p1) 't')"], "sn_maxd3_00941": [":epistemic $ b [d] $ b [a] - b [b] (= (secret-p1) 't')"], "sn_maxd3_00045": [":epistemic + b [b] + b [d] (= (secret-p1) 't')"], "sn_maxd3_00276": [":epistemic $ b [a] - b [d] + b [b] (= (secret-p1) 't')"], "sn_maxd3_00720": [":epistemic $ b [c] + b [b] + b [d] (= (secret-p1) 't')"], "sn_maxd3_00728": [":epistemic $ b [c] $ b [b] - b [c] (= (secret-p1) 't')"], "sn_maxd3_00281": [":epistemic $ b [a] - b [d] - b [c] (= (secret-p1) 't')"], "sn_maxd3_00245": [":epistemic $ b [a] $ b [c] - b [d] (= (secret-p1) 't')"], "sn_maxd3_00380": [":epistemic + b [b] $ b [a] - b [d] (= (secret-p1) 't')"], "sn_maxd3_00475": [":epistemic $ b [b] + b [c] $ b [b] (= (secret-p1) 't')"], "sn_maxd3_00999": [":epistemic $ b [d] $ b [c] + b [d] (= (secret-p1) 't')"], "sn_maxd3_00478": [":epistemic $ b [b] + b [c] $ b [d] (= (secret-p1) 't')"], "sn_maxd3_00545": [":epistemic - b [b] - b [a] - b [b] (= (secret-p1) 't')"], "sn_maxd3_00967": [":epistemic $ b [d] $ b [b] $ b [a] (= (secret-p1) 't')"], "sn_maxd3_00220": [":epistemic $ b [a] - b [b] $ b [a] (= (secret-p1) 't')"], "sn_maxd3_00056": [":epistemic $ b [b] - b [d] (= (secret-p1) 't')"], "sn_maxd3_00395": [":epistemic + b [b] + b [c] - b [b] (= (secret-p1) 't')"], "sn_maxd3_00734": [":epistemic $ b [c] - b [b] - b [a] (= (secret-p1) 't')"], "sn_maxd3_00715": [":epistemic $ b [c] + b [b] $ b [a] (= (secret-p1) 't')"], "sn_maxd3_00997": [":epistemic $ b [d] $ b [c] $ b [b] (= (secret-p1) 't')"], "sn_maxd3_00109": [":epistemic $ b [d] $ b [c] (= (secret-p1) 't')"], "sn_maxd3_00956": [":epistemic $ b [d] - b [a] - b [d] (= (secret-p1) 't')"], "sn_maxd3_00746": [":epistemic $ b [c] + b [d] - b [b] (= (secret-p1) 't')"], "sn_maxd3_00375": [":epistemic + b [b] $ b [a] + b [c] (= (secret-p1) 't')"], "sn_maxd3_00908": [":epistemic + b [d] + b [c] - b [b] (= (secret-p1) 't')"], "sn_maxd3_00055": [":epistemic $ b [b] $ b [d] (= (secret-p1) 't')"], "sn_maxd3_00794": [":epistemic - b [c] - b [a] - b [d] (= (secret-p1) 't')"], "sn_maxd3_00603": [":epistemic - b [b] - b [d] + b [c] (= (secret-p1) 't')"], "sn_maxd3_00203": [":epistemic $ b [a] + b [b] - b [a] (= (secret-p1) 't')"], "sn_maxd3_00583": [":epistemic - b [b] + b [d] $ b [b] (= (secret-p1) 't')"], "sn_maxd3_00864": [":epistemic + b [d] $ b [a] + b [d] (= (secret-p1) 't')"], "sn_maxd3_00081": [":epistemic $ b [c] + b [d] (= (secret-p1) 't')"], "sn_maxd3_00275": [":epistemic $ b [a] - b [d] - b [a] (= (secret-p1) 't')"], "sn_maxd3_00026": [":epistemic $ b [a] - b [c] (= (secret-p1) 't')"], "sn_maxd3_00697": [":epistemic $ b [c] $ b [a] $ b [b] (= (secret-p1) 't')"], "sn_maxd3_00464": [":epistemic $ b [b] - b [a] - b [b] (= (secret-p1) 't')"], "sn_maxd3_01061": [":epistemic - b [d] - b [b] - b [c] (= (secret-p1) 't')"], "sn_maxd3_00863": [":epistemic + b [d] $ b [a] - b [c] (= (secret-p1) 't')"], "sn_maxd3_00519": [":epistemic $ b [b] - b [d] + b [b] (= (secret-p1) 't')"], "sn_maxd3_00253": [":epistemic $ b [a] - b [c] $ b [d] (= (secret-p1) 't')"], "sn_maxd3_00692": [":epistemic $ b [c] + b [a] - b [c] (= (secret-p1) 't')"], "sn_maxd3_00477": [":epistemic $ b [b] + b [c] + b [d] (= (secret-p1) 't')"], "sn_maxd3_00467": [":epistemic $ b [b] - b [a] - b [c] (= (secret-p1) 't')"], "sn_maxd3_00025": [":epistemic $ b [a] $ b [c] (= (secret-p1) 't')"], "sn_maxd3_01001": [":epistemic $ b [d] $ b [c] - b [d] (= (secret-p1) 't')"], "sn_maxd3_00945": [":epistemic $ b [d] $ b [a] + b [d] (= (secret-p1) 't')"], "sn_maxd3_00492": [":epistemic $ b [b] - b [c] + b [b] (= (secret-p1) 't')"], "sn_maxd3_00263": [":epistemic $ b [a] + b [d] - b [c] (= (secret-p1) 't')"], "sn_maxd3_00974": [":epistemic $ b [d] $ b [b] - b [d] (= (secret-p1) 't')"], "sn_maxd3_00719": [":epistemic $ b [c] + b [b] - b [c] (= (secret-p1) 't')"], "sn_maxd3_00230": [":epistemic $ b [a] + b [c] - b [a] (= (secret-p1) 't')"], "sn_maxd3_00080": [":epistemic $ b [c] - b [b] (= (secret-p1) 't')"], "sn_maxd3_00884": [":epistemic + b [d] + b [b] - b [d] (= (secret-p1) 't')"], "sn_maxd3_00982": [":epistemic $ b [d] - b [b] $ b [d] (= (secret-p1) 't')"], "sn_maxd3_00191": [":epistemic + b [a] $ b [d] - b [c] (= (secret-p1) 't')"], "sn_maxd3_00764": [":epistemic $ b [c] - b [d] - b [b] (= (secret-p1) 't')"], "sn_maxd3_00103": [":epistemic $ b [d] $ b [a] (= (secret-p1) 't')"], "sn_maxd3_00479": [":epistemic $ b [b] + b [c] - b [d] (= (secret-p1) 't')"], "sn_maxd3_00508": [":epistemic $ b [b] $ b [d] $ b [a] (= (secret-p1) 't')"], "sn_maxd3_00614": [":epistemic + b [c] + b [a] - b [d] (= (secret-p1) 't')"], "sn_maxd3_00468": [":epistemic $ b [b] - b [a] + b [d] (= (secret-p1) 't')"], "sn_maxd3_00600": [":epistemic - b [b] - b [d] + b [b] (= (secret-p1) 't')"], "sn_maxd3_00448": [":epistemic $ b [b] + b [a] $ b [c] (= (secret-p1) 't')"], "sn_maxd3_00532": [":epistemic - b [b] + b [a] $ b [d] (= (secret-p1) 't')"], "sn_maxd3_00608": [":epistemic + b [c] + b [a] - b [b] (= (secret-p1) 't')"], "sn_maxd3_00237": [":epistemic $ b [a] $ b [c] + b [a] (= (secret-p1) 't')"], "sn_maxd3_00712": [":epistemic $ b [c] - b [a] $ b [d] (= (secret-p1) 't')"], "sn_maxd3_00748": [":epistemic $ b [c] + b [d] $ b [c] (= (secret-p1) 't')"], "sn_maxd3_00635": [":epistemic + b [c] + b [b] - b [a] (= (secret-p1) 't')"], "sn_maxd3_00028": [":epistemic $ b [a] $ b [d] (= (secret-p1) 't')"], "sn_maxd3_00054": [":epistemic $ b [b] + b [d] (= (secret-p1) 't')"], "sn_maxd3_00011": [":epistemic - b [d] (= (secret-p1) 't')"], "sn_maxd3_00744": [":epistemic $ b [c] + b [d] + b [b] (= (secret-p1) 't')"], "sn_maxd3_00618": [":epistemic + b [c] $ b [a] + b [c] (= (secret-p1) 't')"], "sn_maxd3_00107": [":epistemic $ b [d] - b [b] (= (secret-p1) 't')"], "sn_maxd3_00469": [":epistemic $ b [b] - b [a] $ b [d] (= (secret-p1) 't')"], "sn_maxd3_00710": [":epistemic $ b [c] - b [a] - b [c] (= (secret-p1) 't')"], "sn_maxd3_00954": [":epistemic $ b [d] - b [a] + b [d] (= (secret-p1) 't')"], "sn_maxd3_00663": [":epistemic + b [c] + b [d] + b [b] (= (secret-p1) 't')"], "sn_maxd3_00078": [":epistemic $ b [c] + b [b] (= (secret-p1) 't')"], "sn_maxd3_00500": [":epistemic $ b [b] + b [d] - b [a] (= (secret-p1) 't')"], "sn_maxd3_00185": [":epistemic + b [a] $ b [d] - b [a] (= (secret-p1) 't')"], "sn_maxd3_00507": [":epistemic $ b [b] $ b [d] + b [a] (= (secret-p1) 't')"], "sn_maxd3_00473": [":epistemic $ b [b] + b [c] - b [a] (= (secret-p1) 't')"], "sn_maxd3_00211": [":epistemic $ b [a] $ b [b] $ b [a] (= (secret-p1) 't')"], "sn_maxd3_00756": [":epistemic $ b [c] $ b [d] + b [c] (= (secret-p1) 't')"], "sn_maxd3_00934": [":epistemic $ b [d] + b [a] $ b [c] (= (secret-p1) 't')"], "sn_maxd3_00676": [":epistemic + b [c] $ b [d] $ b [c] (= (secret-p1) 't')"], "sn_maxd3_00914": [":epistemic + b [d] $ b [c] - b [a] (= (secret-p1) 't')"], "sn_maxd3_00998": [":epistemic $ b [d] $ b [c] - b [b] (= (secret-p1) 't')"], "sn_maxd3_00335": [":epistemic - b [a] - b [c] - b [d] (= (secret-p1) 't')"], "sn_maxd3_00885": [":epistemic + b [d] $ b [b] + b [a] (= (secret-p1) 't')"], "sn_maxd3_00400": [":epistemic + b [b] $ b [c] $ b [a] (= (secret-p1) 't')"], "sn_maxd3_00860": [":epistemic + b [d] $ b [a] - b [b] (= (secret-p1) 't')"], "sn_maxd3_00187": [":epistemic + b [a] $ b [d] $ b [b] (= (secret-p1) 't')"], "sn_maxd3_00130": [":epistemic + b [a] $ b [b] $ b [a] (= (secret-p1) 't')"], "sn_maxd3_00024": [":epistemic $ b [a] + b [c] (= (secret-p1) 't')"], "sn_maxd3_00135": [":epistemic + b [a] $ b [b] + b [d] (= (secret-p1) 't')"], "sn_maxd3_00965": [":epistemic $ b [d] + b [b] - b [d] (= (secret-p1) 't')"], "sn_maxd3_00699": [":epistemic $ b [c] $ b [a] + b [c] (= (secret-p1) 't')"], "sn_maxd3_00717": [":epistemic $ b [c] + b [b] + b [c] (= (secret-p1) 't')"], "sn_maxd3_00236": [":epistemic $ b [a] + b [c] - b [d] (= (secret-p1) 't')"], "sn_maxd3_00702": [":epistemic $ b [c] $ b [a] + b [d] (= (secret-p1) 't')"], "sn_maxd3_00189": [":epistemic + b [a] $ b [d] + b [c] (= (secret-p1) 't')"], "sn_maxd3_00915": [":epistemic + b [d] $ b [c] + b [b] (= (secret-p1) 't')"], "sn_maxd3_00962": [":epistemic $ b [d] + b [b] - b [c] (= (secret-p1) 't')"], "sn_maxd3_00264": [":epistemic $ b [a] $ b [d] + b [a] (= (secret-p1) 't')"], "sn_maxd3_00523": [":epistemic $ b [b] - b [d] $ b [c] (= (secret-p1) 't')"], "sn_maxd3_01037": [":epistemic - b [d] - b [a] - b [d] (= (secret-p1) 't')"], "sn_maxd3_00234": [":epistemic $ b [a] + b [c] + b [d] (= (secret-p1) 't')"], "sn_maxd3_00235": [":epistemic $ b [a] + b [c] $ b [d] (= (secret-p1) 't')"], "sn_maxd3_00430": [":epistemic + b [b] $ b [d] $ b [b] (= (secret-p1) 't')"], "sn_maxd3_00261": [":epistemic $ b [a] + b [d] + b [c] (= (secret-p1) 't')"], "sn_maxd3_00943": [":epistemic $ b [d] $ b [a] $ b [c] (= (secret-p1) 't')"], "sn_maxd3_00644": [":epistemic + b [c] $ b [b] - b [a] (= (secret-p1) 't')"], "sn_maxd3_00259": [":epistemic $ b [a] + b [d] $ b [b] (= (secret-p1) 't')"], "sn_maxd3_00752": [":epistemic $ b [c] $ b [d] - b [a] (= (secret-p1) 't')"], "sn_maxd3_00672": [":epistemic + b [c] $ b [d] + b [b] (= (secret-p1) 't')"], "sn_maxd3_00670": [":epistemic + b [c] $ b [d] $ b [a] (= (secret-p1) 't')"], "sn_maxd3_01034": [":epistemic - b [d] - b [a] - b [c] (= (secret-p1) 't')"], "sn_maxd3_00050": [":epistemic $ b [b] - b [a] (= (secret-p1) 't')"], "sn_maxd3_00460": [":epistemic $ b [b] $ b [a] $ b [d] (= (secret-p1) 't')"], "sn_maxd3_00156": [":epistemic + b [a] $ b [c] + b [a] (= (secret-p1) 't')"], "sn_maxd3_00095": [":epistemic + b [d] - b [a] (= (secret-p1) 't')"], "sn_maxd3_01004": [":epistemic $ b [d] - b [c] - b [a] (= (secret-p1) 't')"], "sn_maxd3_00210": [":epistemic $ b [a] $ b [b] + b [a] (= (secret-p1) 't')"], "sn_maxd3_00848": [":epistemic - b [c] - b [d] - b [c] (= (secret-p1) 't')"], "sn_maxd3_00208": [":epistemic $ b [a] + b [b] $ b [d] (= (secret-p1) 't')"], "sn_maxd3_00895": [":epistemic + b [d] - b [b] $ b [a] (= (secret-p1) 't')"], "sn_maxd3_00673": [":epistemic + b [c] $ b [d] $ b [b] (= (secret-p1) 't')"], "sn_maxd3_00975": [":epistemic $ b [d] - b [b] + b [a] (= (secret-p1) 't')"], "sn_maxd3_00964": [":epistemic $ b [d] + b [b] $ b [d] (= (secret-p1) 't')"], "sn_maxd3_00305": [":epistemic - b [a] - b [b] - b [c] (= (secret-p1) 't')"], "sn_maxd3_00960": [":epistemic $ b [d] + b [b] + b [c] (= (secret-p1) 't')"], "sn_maxd3_00158": [":epistemic + b [a] $ b [c] - b [a] (= (secret-p1) 't')"], "sn_maxd3_00444": [":epistemic $ b [b] + b [a] + b [b] (= (secret-p1) 't')"], "sn_maxd3_00254": [":epistemic $ b [a] - b [c] - b [d] (= (secret-p1) 't')"], "sn_maxd3_00704": [":epistemic $ b [c] $ b [a] - b [d] (= (secret-p1) 't')"], "sn_maxd3_00754": [":epistemic $ b [c] $ b [d] $ b [b] (= (secret-p1) 't')"], "sn_maxd3_00476": [":epistemic $ b [b] + b [c] - b [b] (= (secret-p1) 't')"], "sn_maxd3_00611": [":epistemic + b [c] + b [a] - b [c] (= (secret-p1) 't')"], "sn_maxd3_00457": [":epistemic $ b [b] $ b [a] $ b [c] (= (secret-p1) 't')"], "sn_maxd3_00843": [":epistemic - b [c] - b [d] + b [b] (= (secret-p1) 't')"], "sn_maxd3_00232": [":epistemic $ b [a] + b [c] $ b [b] (= (secret-p1) 't')"], "sn_maxd3_00115": [":epistemic - b [d] $ b [b] (= (secret-p1) 't')"], "sn_maxd3_01006": [":epistemic $ b [d] - b [c] $ b [b] (= (secret-p1) 't')"], "sn_maxd3_00992": [":epistemic $ b [d] + b [c] - b [d] (= (secret-p1) 't')"], "sn_maxd3_01056": [":epistemic - b [d] - b [b] + b [a] (= (secret-p1) 't')"], "sn_maxd3_00658": [":epistemic + b [c] - b [b] $ b [d] (= (secret-p1) 't')"], "sn_maxd3_00932": [":epistemic $ b [d] + b [a] - b [b] (= (secret-p1) 't')"], "sn_maxd3_00984": [":epistemic $ b [d] + b [c] + b [a] (= (secret-p1) 't')"], "sn_maxd3_00214": [":epistemic $ b [a] $ b [b] $ b [c] (= (secret-p1) 't')"], "sn_maxd3_00736": [":epistemic $ b [c] - b [b] $ b [c] (= (secret-p1) 't')"], "sn_maxd3_00241": [":epistemic $ b [a] $ b [c] $ b [b] (= (secret-p1) 't')"], "sn_maxd3_00935": [":epistemic $ b [d] + b [a] - b [c] (= (secret-p1) 't')"], "sn_maxd3_00513": [":epistemic $ b [b] $ b [d] + b [c] (= (secret-p1) 't')"], "sn_maxd3_00761": [":epistemic $ b [c] - b [d] - b [a] (= (secret-p1) 't')"], "sn_maxd3_00639": [":epistemic + b [c] + b [b] + b [d] (= (secret-p1) 't')"], "sn_maxd3_00265": [":epistemic $ b [a] $ b [d] $ b [a] (= (secret-p1) 't')"], "sn_maxd3_00948": [":epistemic $ b [d] - b [a] + b [b] (= (secret-p1) 't')"], "sn_maxd3_01000": [":epistemic $ b [d] $ b [c] $ b [d] (= (secret-p1) 't')"]}}