{"solvable": true, "plan": ["single_peek-a", "return-a", "single_peek-b", "subtraction1-c"], "pruned": 18, "pruned_by_unknown": 0, "pruned_by_visited": 18, "goal_checked": 111, "expanded": 31, "generated": 111, "epistemic_calls": 161, "epistemic_call_time": 0.049392, "epistemic_call_time_avg": 0.00030678260869565217, "common_calls": 112, "common_total": 239, "common_max": 3, "common_average": 2.1339285714285716, "domain_name": "group_number", "problem": "group_num_06", "search": "fbfsdc", "init_time": 0.001416, "search_time": 0.067922}