{"solvable": true, "plan": ["single_peek-a", "return-a", "single_peek-b", "subtraction1-c", "return-b", "single_peek-a", "return-a", "single_peek-b"], "pruned": 420, "pruned_by_unknown": 0, "pruned_by_visited": 420, "goal_checked": 1273, "expanded": 347, "generated": 1273, "epistemic_calls": 2041, "epistemic_call_time": 1.629529, "epistemic_call_time_avg": 0.0007983973542381186, "common_calls": 1274, "common_total": 3460, "common_max": 5, "common_average": 2.71585557299843, "domain_name": "group_number", "problem": "group_num_05", "search": "fbfsdc", "init_time": 0.001398, "search_time": 1.905697}