{"solvable": true, "plan": ["single_peek-a", "subtraction1-c", "return-a", "single_peek-b"], "pruned": 27, "pruned_by_unknown": 0, "pruned_by_visited": 27, "goal_checked": 140, "expanded": 39, "generated": 140, "epistemic_calls": 207, "epistemic_call_time": 0.017626, "epistemic_call_time_avg": 8.514975845410628e-05, "common_calls": 0, "common_total": 0, "common_max": 0, "common_average": 0, "domain_name": "group_number", "problem": "group_num_01", "search": "fbfsdc", "init_time": 0.081382, "search_time": 0.048297}