{"solvable": true, "plan": ["single_peek-a", "subtraction1-c", "return-a", "single_peek-b"], "pruned": 27, "pruned_by_unknown": 0, "pruned_by_visited": 27, "goal_checked": 140, "expanded": 39, "generated": 140, "epistemic_calls": 207, "epistemic_call_time": 0.052686, "epistemic_call_time_avg": 0.00025452173913043477, "common_calls": 141, "common_total": 310, "common_max": 4, "common_average": 2.198581560283688, "domain_name": "group_number", "problem": "group_num_03", "search": "fbfsdc", "init_time": 0.001175, "search_time": 0.074797}