{"solvable": true, "plan": ["single_peek-a", "return-a", "single_peek-b", "subtraction1-c", "return-b", "single_peek-a"], "pruned": 112, "pruned_by_unknown": 0, "pruned_by_visited": 112, "goal_checked": 435, "expanded": 120, "generated": 435, "epistemic_calls": 668, "epistemic_call_time": 0.276685, "epistemic_call_time_avg": 0.0004141991017964072, "common_calls": 436, "common_total": 1073, "common_max": 4, "common_average": 2.4610091743119265, "domain_name": "group_number", "problem": "group_num_04", "search": "fbfsdc", "init_time": 0.001703, "search_time": 0.354019}