{"solvable": true, "plan": ["single_peek-b", "return-b", "subtraction1-c", "single_peek-a"], "pruned": 29, "pruned_by_unknown": 0, "pruned_by_visited": 29, "goal_checked": 177, "expanded": 50, "generated": 177, "epistemic_calls": 257, "epistemic_call_time": 0.077257, "epistemic_call_time_avg": 0.0003006108949416343, "common_calls": 356, "common_total": 587, "common_max": 3, "common_average": 1.648876404494382, "domain_name": "group_number", "problem": "group_num_07", "search": "fbfsdc", "init_time": 0.001405, "search_time": 0.10697}